2026-02-26 21:37:27,155 | INFO | Processing example@example.com
2026-02-26 21:37:30,622 | ERROR | Failed processing example@example.com: name 'breach_count' is not defined
2026-02-26 21:37:30,623 | INFO | Processing mike.catlin@polarcapital.co.uk
2026-02-26 21:37:33,146 | ERROR | Failed processing mike.catlin@polarcapital.co.uk: name 'breach_count' is not defined
2026-02-26 21:37:33,146 | INFO | Processing admin@steel-gamers.ru
2026-02-26 21:37:41,952 | ERROR | Failed processing admin@steel-gamers.ru: name 'breach_count' is not defined
2026-02-26 21:37:41,953 | INFO | Processing admin@belfastmet.ac.uk
2026-02-26 21:37:47,070 | ERROR | Failed processing admin@belfastmet.ac.uk: name 'breach_count' is not defined
2026-02-26 21:42:42,633 | INFO | Processing example@example.com
2026-02-26 21:42:44,929 | INFO | Processing mike.catlin@polarcapital.co.uk
2026-02-26 21:42:47,112 | INFO | Processing admin@steel-gamers.ru
2026-02-26 21:42:49,319 | INFO | Processing admin@belfastmet.ac.uk
2026-02-26 22:06:01,660 | INFO | Starting email breach processing job
2026-02-26 22:06:01,665 | INFO | Processing example@example.com
2026-02-26 22:06:01,665 | INFO | Using LeakCheck (Primary)...
2026-02-26 22:06:03,980 | INFO | Processing mike.catlin@polarcapital.co.uk
2026-02-26 22:06:03,981 | INFO | Using LeakCheck (Primary)...
2026-02-26 22:06:06,389 | INFO | Processing admin@steel-gamers.ru
2026-02-26 22:06:06,390 | INFO | Using LeakCheck (Primary)...
2026-02-26 22:06:08,771 | INFO | Processing admin@belfastmet.ac.uk
2026-02-26 22:06:08,772 | INFO | Using LeakCheck (Primary)...
2026-02-26 22:06:11,012 | INFO | Writing results to output CSV
2026-02-26 22:06:11,016 | INFO | Processing complete
2026-02-26 22:19:06,295 | INFO | Starting email breach processing job
2026-02-26 22:19:06,300 | INFO | Processing example@example.com
2026-02-26 22:19:06,300 | INFO | Using LeakCheck (Primary)...
2026-02-26 22:19:09,482 | INFO | Processing mike.catlin@polarcapital.co.uk
2026-02-26 22:19:09,483 | INFO | Using LeakCheck (Primary)...
2026-02-26 22:19:11,704 | INFO | Processing admin@steel-gamers.ru
2026-02-26 22:19:11,705 | INFO | Using LeakCheck (Primary)...
2026-02-26 22:19:14,015 | INFO | Processing admin@belfastmet.ac.uk
2026-02-26 22:19:14,017 | INFO | Using LeakCheck (Primary)...
2026-02-26 22:19:16,225 | INFO | Writing results to output CSV
2026-02-26 22:19:16,229 | INFO | Processing complete
2026-02-26 22:20:03,835 | INFO | Starting email breach processing job
2026-02-26 22:20:03,847 | WARNING | Invalid email format detected — skipping: exampleexample.com
2026-02-26 22:20:03,848 | WARNING | Invalid email format detected — skipping: mike.catlinpolarcapital.co.uk
2026-02-26 22:20:03,848 | WARNING | Invalid email format detected — skipping: adminsteel-gamers.ru
2026-02-26 22:20:03,849 | WARNING | Invalid email format detected — skipping: adminbelfastmet.ac.uk
2026-02-26 22:20:03,849 | INFO | Writing results to output CSV
2026-02-26 22:20:03,852 | INFO | Processing complete
2026-02-26 22:20:58,793 | INFO | Starting email breach processing job
2026-02-26 22:20:58,800 | WARNING | Invalid email format detected — skipping: exampleexample.com
2026-02-26 22:20:58,801 | INFO | Processing mike.catlin@polarcapital.co.uk
2026-02-26 22:20:58,801 | INFO | Using LeakCheck (Primary)...
2026-02-26 22:21:01,057 | WARNING | Invalid email format detected — skipping: adminsteel-gamers.ru
2026-02-26 22:21:01,058 | WARNING | Invalid email format detected — skipping: adminbelfastmet.ac.uk
2026-02-26 22:21:01,059 | INFO | Writing results to output CSV
2026-02-26 22:21:01,063 | INFO | Processing complete
2026-02-26 22:32:32,376 | INFO | Starting email breach processing job
2026-02-26 22:32:32,381 | INFO | Processing example@example.com
2026-02-26 22:32:32,382 | INFO | Using LeakCheck (Primary)...
2026-02-26 22:32:33,026 | INFO | Processing mike.catlin@polarcapital.co.uk
2026-02-26 22:32:33,026 | INFO | Using LeakCheck (Primary)...
2026-02-26 22:32:33,424 | INFO | Processing admin@steel-gamers.ru
2026-02-26 22:32:33,425 | INFO | Using LeakCheck (Primary)...
2026-02-26 22:32:33,834 | INFO | Processing admin@belfastmet.ac.uk
2026-02-26 22:32:33,835 | INFO | Using LeakCheck (Primary)...
2026-02-26 22:32:34,222 | INFO | Writing results to output CSV
2026-02-26 22:32:34,225 | INFO | Processing complete
2026-02-26 22:34:52,593 | INFO | Starting email breach processing job
2026-02-26 22:34:52,603 | INFO | Processing example@example.com
2026-02-26 22:34:52,603 | INFO | Using LeakCheck (Primary)...
2026-02-26 22:34:53,260 | INFO | Processing mike.catlin@polarcapital.co.uk
2026-02-26 22:34:53,262 | INFO | Using LeakCheck (Primary)...
2026-02-26 22:34:53,762 | INFO | Processing admin@steel-gamers.ru
2026-02-26 22:34:53,763 | INFO | Using LeakCheck (Primary)...
2026-02-26 22:34:54,178 | INFO | Processing admin@belfastmet.ac.uk
2026-02-26 22:34:54,180 | INFO | Using LeakCheck (Primary)...
2026-02-26 22:34:54,660 | INFO | Writing results to output CSV
2026-02-26 22:34:54,666 | INFO | Processing complete
2026-02-26 22:35:55,309 | INFO | Starting email breach processing job
2026-02-26 22:35:55,316 | INFO | Processing example@example.com
2026-02-26 22:35:55,317 | INFO | Using LeakCheck (Primary)...
2026-02-26 22:35:55,319 | DEBUG | Starting new HTTPS connection (1): leakcheck.io:443
2026-02-26 22:35:55,946 | DEBUG | https://leakcheck.io:443 "GET /api/public?check=example%40example.com HTTP/1.1" 200 None
2026-02-26 22:35:55,951 | DEBUG | Provider health state: {'LeakCheck': {'failures': 0, 'disabled': False}, 'IntelX': {'failures': 0, 'disabled': False}}
2026-02-26 22:35:55,952 | DEBUG | example@example.com | Provider=LeakCheck | Breached=True | Count=1000
2026-02-26 22:35:55,952 | INFO | Processing mike.catlin@polarcapital.co.uk
2026-02-26 22:35:55,952 | INFO | Using LeakCheck (Primary)...
2026-02-26 22:35:55,954 | DEBUG | Starting new HTTPS connection (1): leakcheck.io:443
2026-02-26 22:35:56,348 | DEBUG | https://leakcheck.io:443 "GET /api/public?check=mike.catlin%40polarcapital.co.uk HTTP/1.1" 200 None
2026-02-26 22:35:56,353 | DEBUG | Provider health state: {'LeakCheck': {'failures': 0, 'disabled': False}, 'IntelX': {'failures': 0, 'disabled': False}}
2026-02-26 22:35:56,354 | DEBUG | mike.catlin@polarcapital.co.uk | Provider=LeakCheck | Breached=True | Count=7
2026-02-26 22:35:56,355 | INFO | Processing admin@steel-gamers.ru
2026-02-26 22:35:56,355 | INFO | Using LeakCheck (Primary)...
2026-02-26 22:35:56,358 | DEBUG | Starting new HTTPS connection (1): leakcheck.io:443
2026-02-26 22:35:56,770 | DEBUG | https://leakcheck.io:443 "GET /api/public?check=admin%40steel-gamers.ru HTTP/1.1" 200 None
2026-02-26 22:35:56,773 | DEBUG | Provider health state: {'LeakCheck': {'failures': 0, 'disabled': False}, 'IntelX': {'failures': 0, 'disabled': False}}
2026-02-26 22:35:56,774 | DEBUG | admin@steel-gamers.ru | Provider=LeakCheck | Breached=False | Count=0
2026-02-26 22:35:56,774 | INFO | Processing admin@belfastmet.ac.uk
2026-02-26 22:35:56,774 | INFO | Using LeakCheck (Primary)...
2026-02-26 22:35:56,775 | DEBUG | Starting new HTTPS connection (1): leakcheck.io:443
2026-02-26 22:35:57,157 | DEBUG | https://leakcheck.io:443 "GET /api/public?check=admin%40belfastmet.ac.uk HTTP/1.1" 200 None
2026-02-26 22:35:57,162 | DEBUG | Provider health state: {'LeakCheck': {'failures': 0, 'disabled': False}, 'IntelX': {'failures': 0, 'disabled': False}}
2026-02-26 22:35:57,162 | DEBUG | admin@belfastmet.ac.uk | Provider=LeakCheck | Breached=False | Count=0
2026-02-26 22:35:57,163 | INFO | Writing results to output CSV
2026-02-26 22:35:57,167 | INFO | Processing complete
2026-02-26 23:24:16,448 | INFO | Using LeakCheck (Primary)...
2026-02-26 23:24:16,449 | ERROR | LeakCheck failed: LeakCheck down
2026-02-26 23:24:16,449 | INFO | Using IntelX (Fallback)...
2026-02-26 23:24:16,450 | DEBUG | Provider health: {'LeakCheck': {'failures': 1, 'disabled': False}, 'IntelX': {'failures': 0, 'disabled': False}}
2026-02-26 23:24:16,453 | INFO | Using LeakCheck (Primary)...
2026-02-26 23:24:16,454 | ERROR | LeakCheck failed: LeakCheck down
2026-02-26 23:24:16,454 | INFO | Using IntelX (Fallback)...
2026-02-26 23:24:16,455 | DEBUG | Provider health: {'LeakCheck': {'failures': 1, 'disabled': False}, 'IntelX': {'failures': 0, 'disabled': False}}
2026-02-26 23:24:16,455 | INFO | Using LeakCheck (Primary)...
2026-02-26 23:24:16,455 | ERROR | LeakCheck failed: LeakCheck down
2026-02-26 23:24:16,456 | INFO | Using IntelX (Fallback)...
2026-02-26 23:24:16,456 | DEBUG | Provider health: {'LeakCheck': {'failures': 2, 'disabled': False}, 'IntelX': {'failures': 0, 'disabled': False}}
2026-02-26 23:24:16,456 | INFO | Using LeakCheck (Primary)...
2026-02-26 23:24:16,456 | ERROR | LeakCheck failed: LeakCheck down
2026-02-26 23:24:16,456 | WARNING | LeakCheck temporarily disabled due to repeated failures
2026-02-26 23:24:16,456 | INFO | Using IntelX (Fallback)...
2026-02-26 23:24:16,457 | DEBUG | Provider health: {'LeakCheck': {'failures': 3, 'disabled': True}, 'IntelX': {'failures': 0, 'disabled': False}}
2026-02-26 23:24:16,457 | INFO | Using IntelX (Fallback)...
2026-02-26 23:24:16,457 | DEBUG | Provider health: {'LeakCheck': {'failures': 3, 'disabled': True}, 'IntelX': {'failures': 0, 'disabled': False}}
2026-02-26 23:24:16,459 | INFO | Using LeakCheck (Primary)...
2026-02-26 23:24:16,459 | DEBUG | Provider health state: {'LeakCheck': {'failures': 0, 'disabled': False}, 'IntelX': {'failures': 0, 'disabled': False}}
2026-02-26 23:24:16,464 | INFO | Starting email breach processing job
2026-02-26 23:24:16,471 | INFO | Starting email breach processing job
2026-02-26 23:29:23,901 | INFO | Using LeakCheck (Primary)...
2026-02-26 23:29:23,902 | ERROR | LeakCheck failed: LeakCheck down
2026-02-26 23:29:23,902 | INFO | Using IntelX (Fallback)...
2026-02-26 23:29:23,903 | DEBUG | Provider health: {'LeakCheck': {'failures': 1, 'disabled': False}, 'IntelX': {'failures': 0, 'disabled': False}}
2026-02-26 23:29:23,905 | INFO | Using LeakCheck (Primary)...
2026-02-26 23:29:23,906 | ERROR | LeakCheck failed: LeakCheck down
2026-02-26 23:29:23,906 | INFO | Using IntelX (Fallback)...
2026-02-26 23:29:23,906 | DEBUG | Provider health: {'LeakCheck': {'failures': 1, 'disabled': False}, 'IntelX': {'failures': 0, 'disabled': False}}
2026-02-26 23:29:23,907 | INFO | Using LeakCheck (Primary)...
2026-02-26 23:29:23,907 | ERROR | LeakCheck failed: LeakCheck down
2026-02-26 23:29:23,907 | INFO | Using IntelX (Fallback)...
2026-02-26 23:29:23,907 | DEBUG | Provider health: {'LeakCheck': {'failures': 2, 'disabled': False}, 'IntelX': {'failures': 0, 'disabled': False}}
2026-02-26 23:29:23,908 | INFO | Using LeakCheck (Primary)...
2026-02-26 23:29:23,908 | ERROR | LeakCheck failed: LeakCheck down
2026-02-26 23:29:23,908 | WARNING | LeakCheck temporarily disabled due to repeated failures
2026-02-26 23:29:23,909 | INFO | Using IntelX (Fallback)...
2026-02-26 23:29:23,909 | DEBUG | Provider health: {'LeakCheck': {'failures': 3, 'disabled': True}, 'IntelX': {'failures': 0, 'disabled': False}}
2026-02-26 23:29:23,910 | INFO | Using IntelX (Fallback)...
2026-02-26 23:29:23,910 | DEBUG | Provider health: {'LeakCheck': {'failures': 3, 'disabled': True}, 'IntelX': {'failures': 0, 'disabled': False}}
2026-02-26 23:29:23,913 | INFO | Using LeakCheck (Primary)...
2026-02-26 23:29:23,913 | DEBUG | Provider health state: {'LeakCheck': {'failures': 0, 'disabled': False}, 'IntelX': {'failures': 0, 'disabled': False}}
2026-02-26 23:29:23,915 | INFO | Starting email breach processing job
2026-02-26 23:29:23,924 | INFO | Starting email breach processing job
2026-02-26 23:33:53,645 | INFO | Using LeakCheck (Primary)...
2026-02-26 23:33:53,647 | ERROR | LeakCheck failed: LeakCheck down
2026-02-26 23:33:53,647 | INFO | Using IntelX (Fallback)...
2026-02-26 23:33:53,648 | DEBUG | Provider health: {'LeakCheck': {'failures': 1, 'disabled': False}, 'IntelX': {'failures': 0, 'disabled': False}}
2026-02-26 23:33:53,650 | INFO | Using LeakCheck (Primary)...
2026-02-26 23:33:53,651 | ERROR | LeakCheck failed: LeakCheck down
2026-02-26 23:33:53,653 | INFO | Using IntelX (Fallback)...
2026-02-26 23:33:53,654 | DEBUG | Provider health: {'LeakCheck': {'failures': 1, 'disabled': False}, 'IntelX': {'failures': 0, 'disabled': False}}
2026-02-26 23:33:53,655 | INFO | Using LeakCheck (Primary)...
2026-02-26 23:33:53,656 | ERROR | LeakCheck failed: LeakCheck down
2026-02-26 23:33:53,656 | INFO | Using IntelX (Fallback)...
2026-02-26 23:33:53,656 | DEBUG | Provider health: {'LeakCheck': {'failures': 2, 'disabled': False}, 'IntelX': {'failures': 0, 'disabled': False}}
2026-02-26 23:33:53,656 | INFO | Using LeakCheck (Primary)...
2026-02-26 23:33:53,657 | ERROR | LeakCheck failed: LeakCheck down
2026-02-26 23:33:53,657 | WARNING | LeakCheck temporarily disabled due to repeated failures
2026-02-26 23:33:53,657 | INFO | Using IntelX (Fallback)...
2026-02-26 23:33:53,658 | DEBUG | Provider health: {'LeakCheck': {'failures': 3, 'disabled': True}, 'IntelX': {'failures': 0, 'disabled': False}}
2026-02-26 23:33:53,658 | INFO | Using IntelX (Fallback)...
2026-02-26 23:33:53,658 | DEBUG | Provider health: {'LeakCheck': {'failures': 3, 'disabled': True}, 'IntelX': {'failures': 0, 'disabled': False}}
2026-02-26 23:33:53,662 | INFO | Using LeakCheck (Primary)...
2026-02-26 23:33:53,663 | DEBUG | Provider health state: {'LeakCheck': {'failures': 0, 'disabled': False}, 'IntelX': {'failures': 0, 'disabled': False}}
2026-02-26 23:33:53,665 | INFO | Starting email breach processing job
2026-02-26 23:33:53,666 | ERROR | Input CSV missing required 'email_address' header
2026-02-26 23:33:53,675 | INFO | Starting email breach processing job
2026-02-26 23:33:53,676 | ERROR | Input CSV missing required 'email_address' header
2026-02-26 23:37:05,224 | INFO | Using LeakCheck (Primary)...
2026-02-26 23:37:05,225 | ERROR | LeakCheck failed: LeakCheck down
2026-02-26 23:37:05,226 | INFO | Using IntelX (Fallback)...
2026-02-26 23:37:05,226 | DEBUG | Provider health: {'LeakCheck': {'failures': 1, 'disabled': False}, 'IntelX': {'failures': 0, 'disabled': False}}
2026-02-26 23:37:05,228 | INFO | Using LeakCheck (Primary)...
2026-02-26 23:37:05,229 | ERROR | LeakCheck failed: LeakCheck down
2026-02-26 23:37:05,229 | INFO | Using IntelX (Fallback)...
2026-02-26 23:37:05,230 | DEBUG | Provider health: {'LeakCheck': {'failures': 1, 'disabled': False}, 'IntelX': {'failures': 0, 'disabled': False}}
2026-02-26 23:37:05,231 | INFO | Using LeakCheck (Primary)...
2026-02-26 23:37:05,231 | ERROR | LeakCheck failed: LeakCheck down
2026-02-26 23:37:05,231 | INFO | Using IntelX (Fallback)...
2026-02-26 23:37:05,232 | DEBUG | Provider health: {'LeakCheck': {'failures': 2, 'disabled': False}, 'IntelX': {'failures': 0, 'disabled': False}}
2026-02-26 23:37:05,232 | INFO | Using LeakCheck (Primary)...
2026-02-26 23:37:05,233 | ERROR | LeakCheck failed: LeakCheck down
2026-02-26 23:37:05,233 | WARNING | LeakCheck temporarily disabled due to repeated failures
2026-02-26 23:37:05,234 | INFO | Using IntelX (Fallback)...
2026-02-26 23:37:05,234 | DEBUG | Provider health: {'LeakCheck': {'failures': 3, 'disabled': True}, 'IntelX': {'failures': 0, 'disabled': False}}
2026-02-26 23:37:05,234 | INFO | Using IntelX (Fallback)...
2026-02-26 23:37:05,235 | DEBUG | Provider health: {'LeakCheck': {'failures': 3, 'disabled': True}, 'IntelX': {'failures': 0, 'disabled': False}}
2026-02-26 23:37:05,237 | INFO | Using LeakCheck (Primary)...
2026-02-26 23:37:05,237 | DEBUG | Provider health state: {'LeakCheck': {'failures': 0, 'disabled': False}, 'IntelX': {'failures': 0, 'disabled': False}}
2026-02-26 23:37:05,238 | INFO | Starting email breach processing job
2026-02-26 23:37:05,245 | INFO | Starting email breach processing job
2026-02-26 23:39:46,151 | INFO | Using LeakCheck (Primary)...
2026-02-26 23:39:46,152 | ERROR | LeakCheck failed: LeakCheck down
2026-02-26 23:39:46,152 | INFO | Using IntelX (Fallback)...
2026-02-26 23:39:46,153 | DEBUG | Provider health: {'LeakCheck': {'failures': 1, 'disabled': False}, 'IntelX': {'failures': 0, 'disabled': False}}
2026-02-26 23:39:46,155 | INFO | Using LeakCheck (Primary)...
2026-02-26 23:39:46,156 | ERROR | LeakCheck failed: LeakCheck down
2026-02-26 23:39:46,157 | INFO | Using IntelX (Fallback)...
2026-02-26 23:39:46,157 | DEBUG | Provider health: {'LeakCheck': {'failures': 1, 'disabled': False}, 'IntelX': {'failures': 0, 'disabled': False}}
2026-02-26 23:39:46,157 | INFO | Using LeakCheck (Primary)...
2026-02-26 23:39:46,157 | ERROR | LeakCheck failed: LeakCheck down
2026-02-26 23:39:46,157 | INFO | Using IntelX (Fallback)...
2026-02-26 23:39:46,157 | DEBUG | Provider health: {'LeakCheck': {'failures': 2, 'disabled': False}, 'IntelX': {'failures': 0, 'disabled': False}}
2026-02-26 23:39:46,157 | INFO | Using LeakCheck (Primary)...
2026-02-26 23:39:46,158 | ERROR | LeakCheck failed: LeakCheck down
2026-02-26 23:39:46,158 | WARNING | LeakCheck temporarily disabled due to repeated failures
2026-02-26 23:39:46,158 | INFO | Using IntelX (Fallback)...
2026-02-26 23:39:46,158 | DEBUG | Provider health: {'LeakCheck': {'failures': 3, 'disabled': True}, 'IntelX': {'failures': 0, 'disabled': False}}
2026-02-26 23:39:46,158 | INFO | Using IntelX (Fallback)...
2026-02-26 23:39:46,158 | DEBUG | Provider health: {'LeakCheck': {'failures': 3, 'disabled': True}, 'IntelX': {'failures': 0, 'disabled': False}}
2026-02-26 23:39:46,160 | INFO | Using LeakCheck (Primary)...
2026-02-26 23:39:46,161 | DEBUG | Provider health state: {'LeakCheck': {'failures': 0, 'disabled': False}, 'IntelX': {'failures': 0, 'disabled': False}}
2026-02-26 23:39:46,162 | INFO | Starting email breach processing job
2026-02-26 23:39:46,164 | INFO | Processing bad@test.com
2026-02-26 23:39:46,164 | ERROR | Failed processing bad@test.com: API failure
2026-02-26 23:39:46,164 | INFO | Writing results to output CSV
2026-02-26 23:39:46,165 | INFO | Processing complete
2026-02-26 23:39:46,166 | INFO | Starting email breach processing job
2026-02-26 23:39:46,166 | INFO | Processing example@test.com
2026-02-26 23:39:46,167 | DEBUG | example@test.com | Provider=LeakCheck | Breached=True | Count=2
2026-02-26 23:39:46,167 | INFO | Writing results to output CSV
2026-02-26 23:39:46,167 | INFO | Processing complete
2026-02-27 00:02:25,731 | INFO | Using LeakCheck (Primary)...
2026-02-27 00:02:25,733 | WARNING | LeakCheck attempt 1 failed: LeakCheck down
2026-02-27 00:02:25,733 | INFO | Retrying LeakCheck in 1 seconds...
2026-02-27 00:02:26,734 | WARNING | LeakCheck attempt 2 failed: LeakCheck down
2026-02-27 00:02:26,737 | INFO | Retrying LeakCheck in 2 seconds...
2026-02-27 00:02:28,739 | WARNING | LeakCheck attempt 3 failed: LeakCheck down
2026-02-27 00:02:28,740 | ERROR | LeakCheck failed after 3 attempts
2026-02-27 00:02:28,741 | ERROR | LeakCheck failed: LeakCheck down
2026-02-27 00:02:28,741 | INFO | Using IntelX (Fallback)...
2026-02-27 00:02:28,742 | DEBUG | Provider health: {'LeakCheck': {'failures': 1, 'disabled': False}, 'IntelX': {'failures': 0, 'disabled': False}}
2026-02-27 00:02:28,745 | INFO | Using LeakCheck (Primary)...
2026-02-27 00:02:28,745 | WARNING | LeakCheck attempt 1 failed: LeakCheck down
2026-02-27 00:02:28,746 | INFO | Retrying LeakCheck in 1 seconds...
2026-02-27 00:02:29,748 | WARNING | LeakCheck attempt 2 failed: LeakCheck down
2026-02-27 00:02:29,750 | INFO | Retrying LeakCheck in 2 seconds...
2026-02-27 00:02:31,752 | WARNING | LeakCheck attempt 3 failed: LeakCheck down
2026-02-27 00:02:31,755 | ERROR | LeakCheck failed after 3 attempts
2026-02-27 00:02:31,756 | ERROR | LeakCheck failed: LeakCheck down
2026-02-27 00:02:31,756 | INFO | Using IntelX (Fallback)...
2026-02-27 00:02:31,759 | DEBUG | Provider health: {'LeakCheck': {'failures': 1, 'disabled': False}, 'IntelX': {'failures': 0, 'disabled': False}}
2026-02-27 00:02:31,759 | INFO | Using LeakCheck (Primary)...
2026-02-27 00:02:31,760 | WARNING | LeakCheck attempt 1 failed: LeakCheck down
2026-02-27 00:02:31,761 | INFO | Retrying LeakCheck in 1 seconds...
2026-02-27 00:02:32,762 | WARNING | LeakCheck attempt 2 failed: LeakCheck down
2026-02-27 00:02:32,763 | INFO | Retrying LeakCheck in 2 seconds...
2026-02-27 00:02:34,766 | WARNING | LeakCheck attempt 3 failed: LeakCheck down
2026-02-27 00:02:34,768 | ERROR | LeakCheck failed after 3 attempts
2026-02-27 00:02:34,769 | ERROR | LeakCheck failed: LeakCheck down
2026-02-27 00:02:34,769 | INFO | Using IntelX (Fallback)...
2026-02-27 00:02:34,769 | DEBUG | Provider health: {'LeakCheck': {'failures': 2, 'disabled': False}, 'IntelX': {'failures': 0, 'disabled': False}}
2026-02-27 00:02:34,770 | INFO | Using LeakCheck (Primary)...
2026-02-27 00:02:34,770 | WARNING | LeakCheck attempt 1 failed: LeakCheck down
2026-02-27 00:02:34,770 | INFO | Retrying LeakCheck in 1 seconds...
2026-02-27 00:02:35,771 | WARNING | LeakCheck attempt 2 failed: LeakCheck down
2026-02-27 00:02:35,772 | INFO | Retrying LeakCheck in 2 seconds...
2026-02-27 00:02:37,774 | WARNING | LeakCheck attempt 3 failed: LeakCheck down
2026-02-27 00:02:37,775 | ERROR | LeakCheck failed after 3 attempts
2026-02-27 00:02:37,777 | ERROR | LeakCheck failed: LeakCheck down
2026-02-27 00:02:37,777 | WARNING | LeakCheck temporarily disabled due to repeated failures
2026-02-27 00:02:37,778 | INFO | Using IntelX (Fallback)...
2026-02-27 00:02:37,778 | DEBUG | Provider health: {'LeakCheck': {'failures': 3, 'disabled': True}, 'IntelX': {'failures': 0, 'disabled': False}}
2026-02-27 00:02:37,779 | INFO | Using IntelX (Fallback)...
2026-02-27 00:02:37,779 | DEBUG | Provider health: {'LeakCheck': {'failures': 3, 'disabled': True}, 'IntelX': {'failures': 0, 'disabled': False}}
2026-02-27 00:02:37,783 | INFO | Using LeakCheck (Primary)...
2026-02-27 00:02:37,783 | DEBUG | Provider health state: {'LeakCheck': {'failures': 0, 'disabled': False}, 'IntelX': {'failures': 0, 'disabled': False}}
2026-02-27 00:02:37,785 | INFO | Starting email breach processing job
2026-02-27 00:02:37,786 | INFO | Processing bad@test.com
2026-02-27 00:02:37,787 | ERROR | Failed processing bad@test.com: API failure
2026-02-27 00:02:37,788 | INFO | Writing results to output CSV
2026-02-27 00:02:37,791 | INFO | Processing complete
2026-02-27 00:02:37,793 | INFO | Starting email breach processing job
2026-02-27 00:02:37,795 | INFO | Processing example@test.com
2026-02-27 00:02:37,800 | DEBUG | example@test.com | Provider=LeakCheck | Breached=True | Count=2
2026-02-27 00:02:37,800 | INFO | Writing results to output CSV
2026-02-27 00:02:37,801 | INFO | Processing complete
2026-02-27 00:26:20,666 | INFO | Using LeakCheck (Primary)...
2026-02-27 00:26:20,667 | WARNING | LeakCheck attempt 1 failed: LeakCheck down
2026-02-27 00:26:20,668 | INFO | Retrying LeakCheck in 1 seconds...
2026-02-27 00:26:20,668 | WARNING | LeakCheck attempt 2 failed: LeakCheck down
2026-02-27 00:26:20,668 | INFO | Retrying LeakCheck in 2 seconds...
2026-02-27 00:26:20,669 | WARNING | LeakCheck attempt 3 failed: LeakCheck down
2026-02-27 00:26:20,669 | ERROR | LeakCheck failed after 3 attempts
2026-02-27 00:26:20,669 | ERROR | LeakCheck failed: LeakCheck down
2026-02-27 00:26:20,670 | INFO | Using IntelX (Fallback)...
2026-02-27 00:26:20,670 | DEBUG | Provider health: {'LeakCheck': {'failures': 1, 'disabled': False}, 'IntelX': {'failures': 0, 'disabled': False}}
2026-02-27 00:26:20,672 | INFO | Using LeakCheck (Primary)...
2026-02-27 00:26:20,674 | WARNING | LeakCheck attempt 1 failed: LeakCheck down
2026-02-27 00:26:20,674 | INFO | Retrying LeakCheck in 1 seconds...
2026-02-27 00:26:21,675 | WARNING | LeakCheck attempt 2 failed: LeakCheck down
2026-02-27 00:26:21,677 | INFO | Retrying LeakCheck in 2 seconds...
2026-02-27 00:26:23,678 | WARNING | LeakCheck attempt 3 failed: LeakCheck down
2026-02-27 00:26:23,680 | ERROR | LeakCheck failed after 3 attempts
2026-02-27 00:26:23,681 | ERROR | LeakCheck failed: LeakCheck down
2026-02-27 00:26:23,681 | INFO | Using IntelX (Fallback)...
2026-02-27 00:26:23,682 | DEBUG | Provider health: {'LeakCheck': {'failures': 1, 'disabled': False}, 'IntelX': {'failures': 0, 'disabled': False}}
2026-02-27 00:26:23,682 | INFO | Using LeakCheck (Primary)...
2026-02-27 00:26:23,683 | WARNING | LeakCheck attempt 1 failed: LeakCheck down
2026-02-27 00:26:23,683 | INFO | Retrying LeakCheck in 1 seconds...
2026-02-27 00:26:24,685 | WARNING | LeakCheck attempt 2 failed: LeakCheck down
2026-02-27 00:26:24,686 | INFO | Retrying LeakCheck in 2 seconds...
2026-02-27 00:26:26,687 | WARNING | LeakCheck attempt 3 failed: LeakCheck down
2026-02-27 00:26:26,688 | ERROR | LeakCheck failed after 3 attempts
2026-02-27 00:26:26,688 | ERROR | LeakCheck failed: LeakCheck down
2026-02-27 00:26:26,689 | INFO | Using IntelX (Fallback)...
2026-02-27 00:26:26,689 | DEBUG | Provider health: {'LeakCheck': {'failures': 2, 'disabled': False}, 'IntelX': {'failures': 0, 'disabled': False}}
2026-02-27 00:26:26,689 | INFO | Using LeakCheck (Primary)...
2026-02-27 00:26:26,690 | WARNING | LeakCheck attempt 1 failed: LeakCheck down
2026-02-27 00:26:26,690 | INFO | Retrying LeakCheck in 1 seconds...
2026-02-27 00:26:27,691 | WARNING | LeakCheck attempt 2 failed: LeakCheck down
2026-02-27 00:26:27,692 | INFO | Retrying LeakCheck in 2 seconds...
2026-02-27 00:26:29,694 | WARNING | LeakCheck attempt 3 failed: LeakCheck down
2026-02-27 00:26:29,695 | ERROR | LeakCheck failed after 3 attempts
2026-02-27 00:26:29,695 | ERROR | LeakCheck failed: LeakCheck down
2026-02-27 00:26:29,696 | WARNING | LeakCheck temporarily disabled due to repeated failures
2026-02-27 00:26:29,696 | INFO | Using IntelX (Fallback)...
2026-02-27 00:26:29,698 | DEBUG | Provider health: {'LeakCheck': {'failures': 3, 'disabled': True}, 'IntelX': {'failures': 0, 'disabled': False}}
2026-02-27 00:26:29,698 | INFO | Using IntelX (Fallback)...
2026-02-27 00:26:29,699 | DEBUG | Provider health: {'LeakCheck': {'failures': 3, 'disabled': True}, 'IntelX': {'failures': 0, 'disabled': False}}
2026-02-27 00:26:29,702 | INFO | Using LeakCheck (Primary)...
2026-02-27 00:26:29,703 | DEBUG | Provider health state: {'LeakCheck': {'failures': 0, 'disabled': False}, 'IntelX': {'failures': 0, 'disabled': False}}
2026-02-27 00:26:29,705 | INFO | Starting email breach processing job
2026-02-27 00:26:29,706 | INFO | Processing bad@test.com
2026-02-27 00:26:29,706 | ERROR | Failed processing bad@test.com: API failure
2026-02-27 00:26:29,706 | INFO | Writing results to output CSV
2026-02-27 00:26:29,709 | INFO | Processing complete
2026-02-27 00:26:29,711 | INFO | Starting email breach processing job
2026-02-27 00:26:29,712 | INFO | Processing example@test.com
2026-02-27 00:26:29,713 | DEBUG | example@test.com | Provider=LeakCheck | Breached=True | Count=2
2026-02-27 00:26:29,714 | INFO | Writing results to output CSV
2026-02-27 00:26:29,716 | INFO | Processing complete
2026-02-27 00:40:04,334 | INFO | Using LeakCheck (Primary)...
2026-02-27 00:40:04,334 | WARNING | LeakCheck attempt 1 failed: LeakCheck down
2026-02-27 00:40:04,335 | INFO | Retrying LeakCheck in 1 seconds...
2026-02-27 00:40:04,335 | WARNING | LeakCheck attempt 2 failed: LeakCheck down
2026-02-27 00:40:04,335 | INFO | Retrying LeakCheck in 2 seconds...
2026-02-27 00:40:04,335 | WARNING | LeakCheck attempt 3 failed: LeakCheck down
2026-02-27 00:40:04,335 | ERROR | LeakCheck failed after 3 attempts
2026-02-27 00:40:04,336 | ERROR | LeakCheck failed: LeakCheck down
2026-02-27 00:40:04,336 | INFO | Using IntelX (Fallback)...
2026-02-27 00:40:04,336 | DEBUG | Provider health: {'LeakCheck': {'failures': 1, 'disabled': False}, 'IntelX': {'failures': 0, 'disabled': False}}
2026-02-27 00:40:04,337 | INFO | Using LeakCheck (Primary)...
2026-02-27 00:40:04,337 | WARNING | LeakCheck attempt 1 failed: LeakCheck down
2026-02-27 00:40:04,338 | INFO | Retrying LeakCheck in 1 seconds...
2026-02-27 00:40:05,338 | WARNING | LeakCheck attempt 2 failed: LeakCheck down
2026-02-27 00:40:05,340 | INFO | Retrying LeakCheck in 2 seconds...
2026-02-27 00:40:07,341 | WARNING | LeakCheck attempt 3 failed: LeakCheck down
2026-02-27 00:40:07,343 | ERROR | LeakCheck failed after 3 attempts
2026-02-27 00:40:07,344 | ERROR | LeakCheck failed: LeakCheck down
2026-02-27 00:40:07,345 | INFO | Using IntelX (Fallback)...
2026-02-27 00:40:07,346 | DEBUG | Provider health: {'LeakCheck': {'failures': 1, 'disabled': False}, 'IntelX': {'failures': 0, 'disabled': False}}
2026-02-27 00:40:07,347 | INFO | Using LeakCheck (Primary)...
2026-02-27 00:40:07,348 | WARNING | LeakCheck attempt 1 failed: LeakCheck down
2026-02-27 00:40:07,349 | INFO | Retrying LeakCheck in 1 seconds...
2026-02-27 00:40:08,351 | WARNING | LeakCheck attempt 2 failed: LeakCheck down
2026-02-27 00:40:08,352 | INFO | Retrying LeakCheck in 2 seconds...
2026-02-27 00:40:10,354 | WARNING | LeakCheck attempt 3 failed: LeakCheck down
2026-02-27 00:40:10,355 | ERROR | LeakCheck failed after 3 attempts
2026-02-27 00:40:10,355 | ERROR | LeakCheck failed: LeakCheck down
2026-02-27 00:40:10,356 | INFO | Using IntelX (Fallback)...
2026-02-27 00:40:10,357 | DEBUG | Provider health: {'LeakCheck': {'failures': 2, 'disabled': False}, 'IntelX': {'failures': 0, 'disabled': False}}
2026-02-27 00:40:10,358 | INFO | Using LeakCheck (Primary)...
2026-02-27 00:40:10,358 | WARNING | LeakCheck attempt 1 failed: LeakCheck down
2026-02-27 00:40:10,359 | INFO | Retrying LeakCheck in 1 seconds...
2026-02-27 00:40:11,360 | WARNING | LeakCheck attempt 2 failed: LeakCheck down
2026-02-27 00:40:11,361 | INFO | Retrying LeakCheck in 2 seconds...
2026-02-27 00:40:13,363 | WARNING | LeakCheck attempt 3 failed: LeakCheck down
2026-02-27 00:40:13,364 | ERROR | LeakCheck failed after 3 attempts
2026-02-27 00:40:13,364 | ERROR | LeakCheck failed: LeakCheck down
2026-02-27 00:40:13,364 | WARNING | LeakCheck temporarily disabled due to repeated failures
2026-02-27 00:40:13,365 | INFO | Using IntelX (Fallback)...
2026-02-27 00:40:13,366 | DEBUG | Provider health: {'LeakCheck': {'failures': 3, 'disabled': True}, 'IntelX': {'failures': 0, 'disabled': False}}
2026-02-27 00:40:13,367 | INFO | Using IntelX (Fallback)...
2026-02-27 00:40:13,368 | DEBUG | Provider health: {'LeakCheck': {'failures': 3, 'disabled': True}, 'IntelX': {'failures': 0, 'disabled': False}}
2026-02-27 00:40:13,372 | INFO | Using LeakCheck (Primary)...
2026-02-27 00:40:13,372 | DEBUG | Provider health state: {'LeakCheck': {'failures': 0, 'disabled': False}, 'IntelX': {'failures': 0, 'disabled': False}}
2026-02-27 00:40:13,383 | DEBUG | Starting new HTTP connection (1): fake-url:80
2026-02-27 00:40:16,214 | INFO | Starting email breach processing job
2026-02-27 00:40:16,216 | INFO | Processing bad@test.com
2026-02-27 00:40:16,216 | ERROR | Failed processing bad@test.com: API failure
2026-02-27 00:40:16,217 | INFO | Writing results to output CSV
2026-02-27 00:40:16,218 | INFO | Processing complete
2026-02-27 00:40:16,221 | INFO | Starting email breach processing job
2026-02-27 00:40:16,222 | INFO | Processing example@test.com
2026-02-27 00:40:16,223 | DEBUG | example@test.com | Provider=LeakCheck | Breached=True | Count=2
2026-02-27 00:40:16,224 | INFO | Writing results to output CSV
2026-02-27 00:40:16,225 | INFO | Processing complete
2026-02-27 00:45:23,527 | INFO | Using LeakCheck (Primary)...
2026-02-27 00:45:23,529 | WARNING | LeakCheck attempt 1 failed: LeakCheck down
2026-02-27 00:45:23,530 | INFO | Retrying LeakCheck in 1 seconds...
2026-02-27 00:45:23,531 | WARNING | LeakCheck attempt 2 failed: LeakCheck down
2026-02-27 00:45:23,532 | INFO | Retrying LeakCheck in 2 seconds...
2026-02-27 00:45:23,533 | WARNING | LeakCheck attempt 3 failed: LeakCheck down
2026-02-27 00:45:23,534 | ERROR | LeakCheck failed after 3 attempts
2026-02-27 00:45:23,535 | ERROR | LeakCheck failed: LeakCheck down
2026-02-27 00:45:23,536 | INFO | Using IntelX (Fallback)...
2026-02-27 00:45:23,537 | DEBUG | Provider health: {'LeakCheck': {'failures': 1, 'disabled': False}, 'IntelX': {'failures': 0, 'disabled': False}}
2026-02-27 00:45:23,542 | INFO | Using LeakCheck (Primary)...
2026-02-27 00:45:23,543 | WARNING | LeakCheck attempt 1 failed: LeakCheck down
2026-02-27 00:45:23,544 | INFO | Retrying LeakCheck in 1 seconds...
2026-02-27 00:45:24,546 | WARNING | LeakCheck attempt 2 failed: LeakCheck down
2026-02-27 00:45:24,548 | INFO | Retrying LeakCheck in 2 seconds...
2026-02-27 00:45:26,550 | WARNING | LeakCheck attempt 3 failed: LeakCheck down
2026-02-27 00:45:26,551 | ERROR | LeakCheck failed after 3 attempts
2026-02-27 00:45:26,552 | ERROR | LeakCheck failed: LeakCheck down
2026-02-27 00:45:26,553 | INFO | Using IntelX (Fallback)...
2026-02-27 00:45:26,553 | DEBUG | Provider health: {'LeakCheck': {'failures': 1, 'disabled': False}, 'IntelX': {'failures': 0, 'disabled': False}}
2026-02-27 00:45:26,554 | INFO | Using LeakCheck (Primary)...
2026-02-27 00:45:26,555 | WARNING | LeakCheck attempt 1 failed: LeakCheck down
2026-02-27 00:45:26,556 | INFO | Retrying LeakCheck in 1 seconds...
2026-02-27 00:45:27,558 | WARNING | LeakCheck attempt 2 failed: LeakCheck down
2026-02-27 00:45:27,560 | INFO | Retrying LeakCheck in 2 seconds...
2026-02-27 00:45:29,562 | WARNING | LeakCheck attempt 3 failed: LeakCheck down
2026-02-27 00:45:29,563 | ERROR | LeakCheck failed after 3 attempts
2026-02-27 00:45:29,564 | ERROR | LeakCheck failed: LeakCheck down
2026-02-27 00:45:29,564 | INFO | Using IntelX (Fallback)...
2026-02-27 00:45:29,565 | DEBUG | Provider health: {'LeakCheck': {'failures': 2, 'disabled': False}, 'IntelX': {'failures': 0, 'disabled': False}}
2026-02-27 00:45:29,565 | INFO | Using LeakCheck (Primary)...
2026-02-27 00:45:29,566 | WARNING | LeakCheck attempt 1 failed: LeakCheck down
2026-02-27 00:45:29,566 | INFO | Retrying LeakCheck in 1 seconds...
2026-02-27 00:45:30,567 | WARNING | LeakCheck attempt 2 failed: LeakCheck down
2026-02-27 00:45:30,570 | INFO | Retrying LeakCheck in 2 seconds...
2026-02-27 00:45:32,572 | WARNING | LeakCheck attempt 3 failed: LeakCheck down
2026-02-27 00:45:32,573 | ERROR | LeakCheck failed after 3 attempts
2026-02-27 00:45:32,574 | ERROR | LeakCheck failed: LeakCheck down
2026-02-27 00:45:32,575 | WARNING | LeakCheck temporarily disabled due to repeated failures
2026-02-27 00:45:32,575 | INFO | Using IntelX (Fallback)...
2026-02-27 00:45:32,575 | DEBUG | Provider health: {'LeakCheck': {'failures': 3, 'disabled': True}, 'IntelX': {'failures': 0, 'disabled': False}}
2026-02-27 00:45:32,576 | INFO | Using IntelX (Fallback)...
2026-02-27 00:45:32,576 | DEBUG | Provider health: {'LeakCheck': {'failures': 3, 'disabled': True}, 'IntelX': {'failures': 0, 'disabled': False}}
2026-02-27 00:45:32,580 | INFO | Using LeakCheck (Primary)...
2026-02-27 00:45:32,582 | DEBUG | Provider health state: {'LeakCheck': {'failures': 0, 'disabled': False}, 'IntelX': {'failures': 0, 'disabled': False}}
2026-02-27 00:45:32,599 | INFO | Starting email breach processing job
2026-02-27 00:45:32,603 | INFO | Processing bad@test.com
2026-02-27 00:45:32,604 | ERROR | Failed processing bad@test.com: API failure
2026-02-27 00:45:32,604 | INFO | Writing results to output CSV
2026-02-27 00:45:32,606 | INFO | Processing complete
2026-02-27 00:45:32,610 | INFO | Starting email breach processing job
2026-02-27 00:45:32,613 | INFO | Processing example@test.com
2026-02-27 00:45:32,615 | DEBUG | example@test.com | Provider=LeakCheck | Breached=True | Count=2
2026-02-27 00:45:32,615 | INFO | Writing results to output CSV
2026-02-27 00:45:32,617 | INFO | Processing complete
2026-02-27 00:53:44,143 | INFO | Using LeakCheck (Primary)...
2026-02-27 00:53:44,144 | WARNING | LeakCheck attempt 1 failed: LeakCheck down
2026-02-27 00:53:44,145 | INFO | Retrying LeakCheck in 1 seconds...
2026-02-27 00:53:44,145 | WARNING | LeakCheck attempt 2 failed: LeakCheck down
2026-02-27 00:53:44,145 | INFO | Retrying LeakCheck in 2 seconds...
2026-02-27 00:53:44,146 | WARNING | LeakCheck attempt 3 failed: LeakCheck down
2026-02-27 00:53:44,146 | ERROR | LeakCheck failed after 3 attempts
2026-02-27 00:53:44,146 | ERROR | LeakCheck failed: LeakCheck down
2026-02-27 00:53:44,147 | INFO | Using IntelX (Fallback)...
2026-02-27 00:53:44,148 | DEBUG | Provider health: {'LeakCheck': {'failures': 1, 'disabled': False}, 'IntelX': {'failures': 0, 'disabled': False}}
2026-02-27 00:53:44,152 | INFO | Using LeakCheck (Primary)...
2026-02-27 00:53:44,152 | WARNING | LeakCheck attempt 1 failed: LeakCheck down
2026-02-27 00:53:44,153 | INFO | Retrying LeakCheck in 1 seconds...
2026-02-27 00:53:45,154 | WARNING | LeakCheck attempt 2 failed: LeakCheck down
2026-02-27 00:53:45,155 | INFO | Retrying LeakCheck in 2 seconds...
2026-02-27 00:53:47,155 | WARNING | LeakCheck attempt 3 failed: LeakCheck down
2026-02-27 00:53:47,157 | ERROR | LeakCheck failed after 3 attempts
2026-02-27 00:53:47,158 | ERROR | LeakCheck failed: LeakCheck down
2026-02-27 00:53:47,159 | INFO | Using IntelX (Fallback)...
2026-02-27 00:53:47,161 | DEBUG | Provider health: {'LeakCheck': {'failures': 1, 'disabled': False}, 'IntelX': {'failures': 0, 'disabled': False}}
2026-02-27 00:53:47,162 | INFO | Using LeakCheck (Primary)...
2026-02-27 00:53:47,163 | WARNING | LeakCheck attempt 1 failed: LeakCheck down
2026-02-27 00:53:47,163 | INFO | Retrying LeakCheck in 1 seconds...
2026-02-27 00:53:48,164 | WARNING | LeakCheck attempt 2 failed: LeakCheck down
2026-02-27 00:53:48,166 | INFO | Retrying LeakCheck in 2 seconds...
2026-02-27 00:53:50,168 | WARNING | LeakCheck attempt 3 failed: LeakCheck down
2026-02-27 00:53:50,171 | ERROR | LeakCheck failed after 3 attempts
2026-02-27 00:53:50,172 | ERROR | LeakCheck failed: LeakCheck down
2026-02-27 00:53:50,173 | INFO | Using IntelX (Fallback)...
2026-02-27 00:53:50,175 | DEBUG | Provider health: {'LeakCheck': {'failures': 2, 'disabled': False}, 'IntelX': {'failures': 0, 'disabled': False}}
2026-02-27 00:53:50,176 | INFO | Using LeakCheck (Primary)...
2026-02-27 00:53:50,177 | WARNING | LeakCheck attempt 1 failed: LeakCheck down
2026-02-27 00:53:50,182 | INFO | Retrying LeakCheck in 1 seconds...
2026-02-27 00:53:51,184 | WARNING | LeakCheck attempt 2 failed: LeakCheck down
2026-02-27 00:53:51,185 | INFO | Retrying LeakCheck in 2 seconds...
2026-02-27 00:53:53,187 | WARNING | LeakCheck attempt 3 failed: LeakCheck down
2026-02-27 00:53:53,189 | ERROR | LeakCheck failed after 3 attempts
2026-02-27 00:53:53,190 | ERROR | LeakCheck failed: LeakCheck down
2026-02-27 00:53:53,190 | WARNING | LeakCheck temporarily disabled due to repeated failures
2026-02-27 00:53:53,191 | INFO | Using IntelX (Fallback)...
2026-02-27 00:53:53,193 | DEBUG | Provider health: {'LeakCheck': {'failures': 3, 'disabled': True}, 'IntelX': {'failures': 0, 'disabled': False}}
2026-02-27 00:53:53,194 | INFO | Using IntelX (Fallback)...
2026-02-27 00:53:53,196 | DEBUG | Provider health: {'LeakCheck': {'failures': 3, 'disabled': True}, 'IntelX': {'failures': 0, 'disabled': False}}
2026-02-27 00:53:53,203 | INFO | Using LeakCheck (Primary)...
2026-02-27 00:53:53,204 | DEBUG | Provider health state: {'LeakCheck': {'failures': 0, 'disabled': False}, 'IntelX': {'failures': 0, 'disabled': False}}
2026-02-27 00:53:55,227 | INFO | Starting email breach processing job
2026-02-27 00:53:55,229 | INFO | Processing bad@test.com
2026-02-27 00:53:55,230 | ERROR | Failed processing bad@test.com: API failure
2026-02-27 00:53:55,240 | INFO | Writing results to output CSV
2026-02-27 00:53:55,241 | INFO | Processing complete
2026-02-27 00:53:55,244 | INFO | Starting email breach processing job
2026-02-27 00:53:55,245 | INFO | Processing example@test.com
2026-02-27 00:53:55,248 | DEBUG | example@test.com | Provider=LeakCheck | Breached=True | Count=2
2026-02-27 00:53:55,249 | INFO | Writing results to output CSV
2026-02-27 00:53:55,250 | INFO | Processing complete
2026-02-27 00:59:04,093 | INFO | Using LeakCheck (Primary)...
2026-02-27 00:59:04,094 | WARNING | LeakCheck attempt 1 failed: LeakCheck down
2026-02-27 00:59:04,095 | INFO | Retrying LeakCheck in 1 seconds...
2026-02-27 00:59:04,095 | WARNING | LeakCheck attempt 2 failed: LeakCheck down
2026-02-27 00:59:04,096 | INFO | Retrying LeakCheck in 2 seconds...
2026-02-27 00:59:04,096 | WARNING | LeakCheck attempt 3 failed: LeakCheck down
2026-02-27 00:59:04,097 | ERROR | LeakCheck failed after 3 attempts
2026-02-27 00:59:04,097 | ERROR | LeakCheck failed: LeakCheck down
2026-02-27 00:59:04,097 | INFO | Using IntelX (Fallback)...
2026-02-27 00:59:04,098 | DEBUG | Provider health: {'LeakCheck': {'failures': 1, 'disabled': False}, 'IntelX': {'failures': 0, 'disabled': False}}
2026-02-27 00:59:04,102 | INFO | Using LeakCheck (Primary)...
2026-02-27 00:59:04,102 | WARNING | LeakCheck attempt 1 failed: LeakCheck down
2026-02-27 00:59:04,102 | INFO | Retrying LeakCheck in 1 seconds...
2026-02-27 00:59:05,103 | WARNING | LeakCheck attempt 2 failed: LeakCheck down
2026-02-27 00:59:05,104 | INFO | Retrying LeakCheck in 2 seconds...
2026-02-27 00:59:07,105 | WARNING | LeakCheck attempt 3 failed: LeakCheck down
2026-02-27 00:59:07,107 | ERROR | LeakCheck failed after 3 attempts
2026-02-27 00:59:07,108 | ERROR | LeakCheck failed: LeakCheck down
2026-02-27 00:59:07,109 | INFO | Using IntelX (Fallback)...
2026-02-27 00:59:07,110 | DEBUG | Provider health: {'LeakCheck': {'failures': 1, 'disabled': False}, 'IntelX': {'failures': 0, 'disabled': False}}
2026-02-27 00:59:07,110 | INFO | Using LeakCheck (Primary)...
2026-02-27 00:59:07,111 | WARNING | LeakCheck attempt 1 failed: LeakCheck down
2026-02-27 00:59:07,111 | INFO | Retrying LeakCheck in 1 seconds...
2026-02-27 00:59:08,112 | WARNING | LeakCheck attempt 2 failed: LeakCheck down
2026-02-27 00:59:08,114 | INFO | Retrying LeakCheck in 2 seconds...
2026-02-27 00:59:10,116 | WARNING | LeakCheck attempt 3 failed: LeakCheck down
2026-02-27 00:59:10,120 | ERROR | LeakCheck failed after 3 attempts
2026-02-27 00:59:10,122 | ERROR | LeakCheck failed: LeakCheck down
2026-02-27 00:59:10,122 | INFO | Using IntelX (Fallback)...
2026-02-27 00:59:10,123 | DEBUG | Provider health: {'LeakCheck': {'failures': 2, 'disabled': False}, 'IntelX': {'failures': 0, 'disabled': False}}
2026-02-27 00:59:10,123 | INFO | Using LeakCheck (Primary)...
2026-02-27 00:59:10,123 | WARNING | LeakCheck attempt 1 failed: LeakCheck down
2026-02-27 00:59:10,124 | INFO | Retrying LeakCheck in 1 seconds...
2026-02-27 00:59:11,126 | WARNING | LeakCheck attempt 2 failed: LeakCheck down
2026-02-27 00:59:11,127 | INFO | Retrying LeakCheck in 2 seconds...
2026-02-27 00:59:13,129 | WARNING | LeakCheck attempt 3 failed: LeakCheck down
2026-02-27 00:59:13,131 | ERROR | LeakCheck failed after 3 attempts
2026-02-27 00:59:13,132 | ERROR | LeakCheck failed: LeakCheck down
2026-02-27 00:59:13,133 | WARNING | LeakCheck temporarily disabled due to repeated failures
2026-02-27 00:59:13,133 | INFO | Using IntelX (Fallback)...
2026-02-27 00:59:13,134 | DEBUG | Provider health: {'LeakCheck': {'failures': 3, 'disabled': True}, 'IntelX': {'failures': 0, 'disabled': False}}
2026-02-27 00:59:13,135 | INFO | Using IntelX (Fallback)...
2026-02-27 00:59:13,135 | DEBUG | Provider health: {'LeakCheck': {'failures': 3, 'disabled': True}, 'IntelX': {'failures': 0, 'disabled': False}}
2026-02-27 00:59:13,140 | INFO | Using LeakCheck (Primary)...
2026-02-27 00:59:13,141 | DEBUG | Provider health state: {'LeakCheck': {'failures': 0, 'disabled': False}, 'IntelX': {'failures': 0, 'disabled': False}}
2026-02-27 00:59:13,155 | INFO | Starting email breach processing job
2026-02-27 00:59:13,157 | INFO | Processing bad@test.com
2026-02-27 00:59:13,158 | ERROR | Failed processing bad@test.com: API failure
2026-02-27 00:59:13,158 | INFO | Writing results to output CSV
2026-02-27 00:59:13,159 | INFO | Processing complete
2026-02-27 00:59:13,163 | INFO | Starting email breach processing job
2026-02-27 00:59:13,164 | INFO | Processing example@test.com
2026-02-27 00:59:13,166 | DEBUG | example@test.com | Provider=LeakCheck | Breached=True | Count=2
2026-02-27 00:59:13,167 | INFO | Writing results to output CSV
2026-02-27 00:59:13,168 | INFO | Processing complete
2026-02-27 01:07:16,546 | INFO | Using LeakCheck (Primary)...
2026-02-27 01:07:16,547 | WARNING | LeakCheck attempt 1 failed: LeakCheck down
2026-02-27 01:07:16,548 | INFO | Retrying LeakCheck in 1 seconds...
2026-02-27 01:07:16,549 | WARNING | LeakCheck attempt 2 failed: LeakCheck down
2026-02-27 01:07:16,550 | INFO | Retrying LeakCheck in 2 seconds...
2026-02-27 01:07:16,551 | WARNING | LeakCheck attempt 3 failed: LeakCheck down
2026-02-27 01:07:16,552 | ERROR | LeakCheck failed after 3 attempts
2026-02-27 01:07:16,552 | ERROR | LeakCheck failed: LeakCheck down
2026-02-27 01:07:16,553 | INFO | Using IntelX (Fallback)...
2026-02-27 01:07:16,553 | DEBUG | Provider health: {'LeakCheck': {'failures': 1, 'disabled': False}, 'IntelX': {'failures': 0, 'disabled': False}}
2026-02-27 01:07:16,555 | INFO | Using LeakCheck (Primary)...
2026-02-27 01:07:16,555 | WARNING | LeakCheck attempt 1 failed: LeakCheck down
2026-02-27 01:07:16,555 | INFO | Retrying LeakCheck in 1 seconds...
2026-02-27 01:07:17,556 | WARNING | LeakCheck attempt 2 failed: LeakCheck down
2026-02-27 01:07:17,557 | INFO | Retrying LeakCheck in 2 seconds...
2026-02-27 01:07:19,558 | WARNING | LeakCheck attempt 3 failed: LeakCheck down
2026-02-27 01:07:19,560 | ERROR | LeakCheck failed after 3 attempts
2026-02-27 01:07:19,561 | ERROR | LeakCheck failed: LeakCheck down
2026-02-27 01:07:19,562 | INFO | Using IntelX (Fallback)...
2026-02-27 01:07:19,563 | DEBUG | Provider health: {'LeakCheck': {'failures': 1, 'disabled': False}, 'IntelX': {'failures': 0, 'disabled': False}}
2026-02-27 01:07:19,563 | INFO | Using LeakCheck (Primary)...
2026-02-27 01:07:19,564 | WARNING | LeakCheck attempt 1 failed: LeakCheck down
2026-02-27 01:07:19,564 | INFO | Retrying LeakCheck in 1 seconds...
2026-02-27 01:07:20,566 | WARNING | LeakCheck attempt 2 failed: LeakCheck down
2026-02-27 01:07:20,568 | INFO | Retrying LeakCheck in 2 seconds...
2026-02-27 01:07:22,570 | WARNING | LeakCheck attempt 3 failed: LeakCheck down
2026-02-27 01:07:22,572 | ERROR | LeakCheck failed after 3 attempts
2026-02-27 01:07:22,574 | ERROR | LeakCheck failed: LeakCheck down
2026-02-27 01:07:22,574 | INFO | Using IntelX (Fallback)...
2026-02-27 01:07:22,576 | DEBUG | Provider health: {'LeakCheck': {'failures': 2, 'disabled': False}, 'IntelX': {'failures': 0, 'disabled': False}}
2026-02-27 01:07:22,576 | INFO | Using LeakCheck (Primary)...
2026-02-27 01:07:22,577 | WARNING | LeakCheck attempt 1 failed: LeakCheck down
2026-02-27 01:07:22,577 | INFO | Retrying LeakCheck in 1 seconds...
2026-02-27 01:07:23,579 | WARNING | LeakCheck attempt 2 failed: LeakCheck down
2026-02-27 01:07:23,580 | INFO | Retrying LeakCheck in 2 seconds...
2026-02-27 01:07:25,582 | WARNING | LeakCheck attempt 3 failed: LeakCheck down
2026-02-27 01:07:25,584 | ERROR | LeakCheck failed after 3 attempts
2026-02-27 01:07:25,585 | ERROR | LeakCheck failed: LeakCheck down
2026-02-27 01:07:25,586 | WARNING | LeakCheck temporarily disabled due to repeated failures
2026-02-27 01:07:25,587 | INFO | Using IntelX (Fallback)...
2026-02-27 01:07:25,588 | DEBUG | Provider health: {'LeakCheck': {'failures': 3, 'disabled': True}, 'IntelX': {'failures': 0, 'disabled': False}}
2026-02-27 01:07:25,589 | INFO | Using IntelX (Fallback)...
2026-02-27 01:07:25,590 | DEBUG | Provider health: {'LeakCheck': {'failures': 3, 'disabled': True}, 'IntelX': {'failures': 0, 'disabled': False}}
2026-02-27 01:07:25,597 | INFO | Using LeakCheck (Primary)...
2026-02-27 01:07:25,598 | DEBUG | Provider health state: {'LeakCheck': {'failures': 0, 'disabled': False}, 'IntelX': {'failures': 0, 'disabled': False}}
2026-02-27 01:07:25,614 | INFO | Starting email breach processing job
2026-02-27 01:07:25,616 | INFO | Processing example@test.com
2026-02-27 01:07:25,617 | DEBUG | example@test.com | Provider=LeakCheck | Breached=True | Count=2
2026-02-27 01:07:25,619 | INFO | Writing results to output CSV
2026-02-27 01:07:25,620 | INFO | Processing complete
2026-02-27 01:07:25,628 | INFO | Starting email breach processing job
2026-02-27 01:07:25,630 | INFO | Processing bad@test.com
2026-02-27 01:07:25,631 | ERROR | Failed processing bad@test.com: API failure
2026-02-27 01:07:25,632 | INFO | Writing results to output CSV
2026-02-27 01:07:25,633 | INFO | Processing complete
2026-02-27 01:07:25,636 | INFO | Starting email breach processing job
2026-02-27 01:07:25,637 | INFO | Processing example@test.com
2026-02-27 01:07:25,638 | DEBUG | example@test.com | Provider=LeakCheck | Breached=True | Count=2
2026-02-27 01:07:25,638 | INFO | Writing results to output CSV
2026-02-27 01:07:25,640 | INFO | Processing complete
2026-02-27 01:09:49,789 | INFO | Using LeakCheck (Primary)...
2026-02-27 01:09:49,791 | WARNING | LeakCheck attempt 1 failed: LeakCheck down
2026-02-27 01:09:49,791 | INFO | Retrying LeakCheck in 1 seconds...
2026-02-27 01:09:49,792 | WARNING | LeakCheck attempt 2 failed: LeakCheck down
2026-02-27 01:09:49,792 | INFO | Retrying LeakCheck in 2 seconds...
2026-02-27 01:09:49,793 | WARNING | LeakCheck attempt 3 failed: LeakCheck down
2026-02-27 01:09:49,793 | ERROR | LeakCheck failed after 3 attempts
2026-02-27 01:09:49,793 | ERROR | LeakCheck failed: LeakCheck down
2026-02-27 01:09:49,794 | INFO | Using IntelX (Fallback)...
2026-02-27 01:09:49,794 | DEBUG | Provider health: {'LeakCheck': {'failures': 1, 'disabled': False}, 'IntelX': {'failures': 0, 'disabled': False}}
2026-02-27 01:09:49,796 | INFO | Using LeakCheck (Primary)...
2026-02-27 01:09:49,797 | WARNING | LeakCheck attempt 1 failed: LeakCheck down
2026-02-27 01:09:49,797 | INFO | Retrying LeakCheck in 1 seconds...
2026-02-27 01:09:50,798 | WARNING | LeakCheck attempt 2 failed: LeakCheck down
2026-02-27 01:09:50,800 | INFO | Retrying LeakCheck in 2 seconds...
2026-02-27 01:09:52,801 | WARNING | LeakCheck attempt 3 failed: LeakCheck down
2026-02-27 01:09:52,803 | ERROR | LeakCheck failed after 3 attempts
2026-02-27 01:09:52,804 | ERROR | LeakCheck failed: LeakCheck down
2026-02-27 01:09:52,804 | INFO | Using IntelX (Fallback)...
2026-02-27 01:09:52,805 | DEBUG | Provider health: {'LeakCheck': {'failures': 1, 'disabled': False}, 'IntelX': {'failures': 0, 'disabled': False}}
2026-02-27 01:09:52,805 | INFO | Using LeakCheck (Primary)...
2026-02-27 01:09:52,806 | WARNING | LeakCheck attempt 1 failed: LeakCheck down
2026-02-27 01:09:52,806 | INFO | Retrying LeakCheck in 1 seconds...
2026-02-27 01:09:53,807 | WARNING | LeakCheck attempt 2 failed: LeakCheck down
2026-02-27 01:09:53,809 | INFO | Retrying LeakCheck in 2 seconds...
2026-02-27 01:09:55,811 | WARNING | LeakCheck attempt 3 failed: LeakCheck down
2026-02-27 01:09:55,813 | ERROR | LeakCheck failed after 3 attempts
2026-02-27 01:09:55,815 | ERROR | LeakCheck failed: LeakCheck down
2026-02-27 01:09:55,815 | INFO | Using IntelX (Fallback)...
2026-02-27 01:09:55,816 | DEBUG | Provider health: {'LeakCheck': {'failures': 2, 'disabled': False}, 'IntelX': {'failures': 0, 'disabled': False}}
2026-02-27 01:09:55,817 | INFO | Using LeakCheck (Primary)...
2026-02-27 01:09:55,817 | WARNING | LeakCheck attempt 1 failed: LeakCheck down
2026-02-27 01:09:55,818 | INFO | Retrying LeakCheck in 1 seconds...
2026-02-27 01:09:56,819 | WARNING | LeakCheck attempt 2 failed: LeakCheck down
2026-02-27 01:09:56,820 | INFO | Retrying LeakCheck in 2 seconds...
2026-02-27 01:09:58,822 | WARNING | LeakCheck attempt 3 failed: LeakCheck down
2026-02-27 01:09:58,825 | ERROR | LeakCheck failed after 3 attempts
2026-02-27 01:09:58,826 | ERROR | LeakCheck failed: LeakCheck down
2026-02-27 01:09:58,828 | WARNING | LeakCheck temporarily disabled due to repeated failures
2026-02-27 01:09:58,828 | INFO | Using IntelX (Fallback)...
2026-02-27 01:09:58,829 | DEBUG | Provider health: {'LeakCheck': {'failures': 3, 'disabled': True}, 'IntelX': {'failures': 0, 'disabled': False}}
2026-02-27 01:09:58,830 | INFO | Using IntelX (Fallback)...
2026-02-27 01:09:58,830 | DEBUG | Provider health: {'LeakCheck': {'failures': 3, 'disabled': True}, 'IntelX': {'failures': 0, 'disabled': False}}
2026-02-27 01:09:58,834 | INFO | Using LeakCheck (Primary)...
2026-02-27 01:09:58,834 | DEBUG | Provider health state: {'LeakCheck': {'failures': 0, 'disabled': False}, 'IntelX': {'failures': 0, 'disabled': False}}
2026-02-27 01:13:27,119 | INFO | Using LeakCheck (Primary)...
2026-02-27 01:13:27,120 | WARNING | LeakCheck attempt 1 failed: LeakCheck down
2026-02-27 01:13:27,121 | INFO | Retrying LeakCheck in 1 seconds...
2026-02-27 01:13:27,121 | WARNING | LeakCheck attempt 2 failed: LeakCheck down
2026-02-27 01:13:27,122 | INFO | Retrying LeakCheck in 2 seconds...
2026-02-27 01:13:27,122 | WARNING | LeakCheck attempt 3 failed: LeakCheck down
2026-02-27 01:13:27,123 | ERROR | LeakCheck failed after 3 attempts
2026-02-27 01:13:27,123 | ERROR | LeakCheck failed: LeakCheck down
2026-02-27 01:13:27,123 | INFO | Using IntelX (Fallback)...
2026-02-27 01:13:27,124 | DEBUG | Provider health: {'LeakCheck': {'failures': 1, 'disabled': False}, 'IntelX': {'failures': 0, 'disabled': False}}
2026-02-27 01:13:27,126 | INFO | Using LeakCheck (Primary)...
2026-02-27 01:13:27,127 | WARNING | LeakCheck attempt 1 failed: LeakCheck down
2026-02-27 01:13:27,127 | INFO | Retrying LeakCheck in 1 seconds...
2026-02-27 01:13:28,128 | WARNING | LeakCheck attempt 2 failed: LeakCheck down
2026-02-27 01:13:28,129 | INFO | Retrying LeakCheck in 2 seconds...
2026-02-27 01:13:30,130 | WARNING | LeakCheck attempt 3 failed: LeakCheck down
2026-02-27 01:13:30,132 | ERROR | LeakCheck failed after 3 attempts
2026-02-27 01:13:30,133 | ERROR | LeakCheck failed: LeakCheck down
2026-02-27 01:13:30,136 | INFO | Using IntelX (Fallback)...
2026-02-27 01:13:30,137 | DEBUG | Provider health: {'LeakCheck': {'failures': 1, 'disabled': False}, 'IntelX': {'failures': 0, 'disabled': False}}
2026-02-27 01:13:30,138 | INFO | Using LeakCheck (Primary)...
2026-02-27 01:13:30,138 | WARNING | LeakCheck attempt 1 failed: LeakCheck down
2026-02-27 01:13:30,139 | INFO | Retrying LeakCheck in 1 seconds...
2026-02-27 01:13:31,140 | WARNING | LeakCheck attempt 2 failed: LeakCheck down
2026-02-27 01:13:31,142 | INFO | Retrying LeakCheck in 2 seconds...
2026-02-27 01:13:33,143 | WARNING | LeakCheck attempt 3 failed: LeakCheck down
2026-02-27 01:13:33,146 | ERROR | LeakCheck failed after 3 attempts
2026-02-27 01:13:33,147 | ERROR | LeakCheck failed: LeakCheck down
2026-02-27 01:13:33,148 | INFO | Using IntelX (Fallback)...
2026-02-27 01:13:33,149 | DEBUG | Provider health: {'LeakCheck': {'failures': 2, 'disabled': False}, 'IntelX': {'failures': 0, 'disabled': False}}
2026-02-27 01:13:33,149 | INFO | Using LeakCheck (Primary)...
2026-02-27 01:13:33,150 | WARNING | LeakCheck attempt 1 failed: LeakCheck down
2026-02-27 01:13:33,151 | INFO | Retrying LeakCheck in 1 seconds...
2026-02-27 01:13:34,153 | WARNING | LeakCheck attempt 2 failed: LeakCheck down
2026-02-27 01:13:34,154 | INFO | Retrying LeakCheck in 2 seconds...
2026-02-27 01:13:36,156 | WARNING | LeakCheck attempt 3 failed: LeakCheck down
2026-02-27 01:13:36,159 | ERROR | LeakCheck failed after 3 attempts
2026-02-27 01:13:36,160 | ERROR | LeakCheck failed: LeakCheck down
2026-02-27 01:13:36,160 | WARNING | LeakCheck temporarily disabled due to repeated failures
2026-02-27 01:13:36,161 | INFO | Using IntelX (Fallback)...
2026-02-27 01:13:36,161 | DEBUG | Provider health: {'LeakCheck': {'failures': 3, 'disabled': True}, 'IntelX': {'failures': 0, 'disabled': False}}
2026-02-27 01:13:36,162 | INFO | Using IntelX (Fallback)...
2026-02-27 01:13:36,162 | DEBUG | Provider health: {'LeakCheck': {'failures': 3, 'disabled': True}, 'IntelX': {'failures': 0, 'disabled': False}}
2026-02-27 01:13:36,166 | INFO | Using LeakCheck (Primary)...
2026-02-27 01:13:36,167 | DEBUG | Provider health state: {'LeakCheck': {'failures': 0, 'disabled': False}, 'IntelX': {'failures': 0, 'disabled': False}}
2026-02-27 01:13:36,181 | INFO | Starting email breach processing job
2026-02-27 01:13:36,182 | ERROR | Input CSV missing required 'email_address' header
2026-02-27 01:13:36,194 | INFO | Starting email breach processing job
2026-02-27 01:13:36,197 | INFO | Processing bad@test.com
2026-02-27 01:13:36,198 | ERROR | Failed processing bad@test.com: API failure
2026-02-27 01:13:36,199 | INFO | Writing results to output CSV
2026-02-27 01:13:36,202 | INFO | Processing complete
2026-02-27 01:13:36,208 | INFO | Starting email breach processing job
2026-02-27 01:13:36,210 | INFO | Processing example@test.com
2026-02-27 01:13:36,212 | DEBUG | example@test.com | Provider=LeakCheck | Breached=True | Count=2
2026-02-27 01:13:36,213 | INFO | Writing results to output CSV
2026-02-27 01:13:36,214 | INFO | Processing complete
2026-02-27 01:17:39,377 | INFO | Using LeakCheck (Primary)...
2026-02-27 01:17:39,378 | WARNING | LeakCheck attempt 1 failed: LeakCheck down
2026-02-27 01:17:39,379 | INFO | Retrying LeakCheck in 1 seconds...
2026-02-27 01:17:39,379 | WARNING | LeakCheck attempt 2 failed: LeakCheck down
2026-02-27 01:17:39,379 | INFO | Retrying LeakCheck in 2 seconds...
2026-02-27 01:17:39,380 | WARNING | LeakCheck attempt 3 failed: LeakCheck down
2026-02-27 01:17:39,380 | ERROR | LeakCheck failed after 3 attempts
2026-02-27 01:17:39,380 | ERROR | LeakCheck failed: LeakCheck down
2026-02-27 01:17:39,381 | INFO | Using IntelX (Fallback)...
2026-02-27 01:17:39,381 | DEBUG | Provider health: {'LeakCheck': {'failures': 1, 'disabled': False}, 'IntelX': {'failures': 0, 'disabled': False}}
2026-02-27 01:17:39,384 | INFO | Using LeakCheck (Primary)...
2026-02-27 01:17:39,384 | WARNING | LeakCheck attempt 1 failed: LeakCheck down
2026-02-27 01:17:39,385 | INFO | Retrying LeakCheck in 1 seconds...
2026-02-27 01:17:40,386 | WARNING | LeakCheck attempt 2 failed: LeakCheck down
2026-02-27 01:17:40,387 | INFO | Retrying LeakCheck in 2 seconds...
2026-02-27 01:17:42,389 | WARNING | LeakCheck attempt 3 failed: LeakCheck down
2026-02-27 01:17:42,391 | ERROR | LeakCheck failed after 3 attempts
2026-02-27 01:17:42,392 | ERROR | LeakCheck failed: LeakCheck down
2026-02-27 01:17:42,392 | INFO | Using IntelX (Fallback)...
2026-02-27 01:17:42,393 | DEBUG | Provider health: {'LeakCheck': {'failures': 1, 'disabled': False}, 'IntelX': {'failures': 0, 'disabled': False}}
2026-02-27 01:17:42,393 | INFO | Using LeakCheck (Primary)...
2026-02-27 01:17:42,394 | WARNING | LeakCheck attempt 1 failed: LeakCheck down
2026-02-27 01:17:42,394 | INFO | Retrying LeakCheck in 1 seconds...
2026-02-27 01:17:43,395 | WARNING | LeakCheck attempt 2 failed: LeakCheck down
2026-02-27 01:17:43,396 | INFO | Retrying LeakCheck in 2 seconds...
2026-02-27 01:17:45,397 | WARNING | LeakCheck attempt 3 failed: LeakCheck down
2026-02-27 01:17:45,404 | ERROR | LeakCheck failed after 3 attempts
2026-02-27 01:17:45,406 | ERROR | LeakCheck failed: LeakCheck down
2026-02-27 01:17:45,408 | INFO | Using IntelX (Fallback)...
2026-02-27 01:17:45,409 | DEBUG | Provider health: {'LeakCheck': {'failures': 2, 'disabled': False}, 'IntelX': {'failures': 0, 'disabled': False}}
2026-02-27 01:17:45,410 | INFO | Using LeakCheck (Primary)...
2026-02-27 01:17:45,412 | WARNING | LeakCheck attempt 1 failed: LeakCheck down
2026-02-27 01:17:45,413 | INFO | Retrying LeakCheck in 1 seconds...
2026-02-27 01:17:46,414 | WARNING | LeakCheck attempt 2 failed: LeakCheck down
2026-02-27 01:17:46,416 | INFO | Retrying LeakCheck in 2 seconds...
2026-02-27 01:17:48,419 | WARNING | LeakCheck attempt 3 failed: LeakCheck down
2026-02-27 01:17:48,422 | ERROR | LeakCheck failed after 3 attempts
2026-02-27 01:17:48,424 | ERROR | LeakCheck failed: LeakCheck down
2026-02-27 01:17:48,424 | WARNING | LeakCheck temporarily disabled due to repeated failures
2026-02-27 01:17:48,426 | INFO | Using IntelX (Fallback)...
2026-02-27 01:17:48,426 | DEBUG | Provider health: {'LeakCheck': {'failures': 3, 'disabled': True}, 'IntelX': {'failures': 0, 'disabled': False}}
2026-02-27 01:17:48,427 | INFO | Using IntelX (Fallback)...
2026-02-27 01:17:48,427 | DEBUG | Provider health: {'LeakCheck': {'failures': 3, 'disabled': True}, 'IntelX': {'failures': 0, 'disabled': False}}
2026-02-27 01:17:48,431 | INFO | Using LeakCheck (Primary)...
2026-02-27 01:17:48,432 | DEBUG | Provider health state: {'LeakCheck': {'failures': 0, 'disabled': False}, 'IntelX': {'failures': 0, 'disabled': False}}
2026-02-27 01:17:48,452 | INFO | Starting email breach processing job
2026-02-27 01:17:48,454 | INFO | Processing example@test.com
2026-02-27 01:17:48,455 | DEBUG | example@test.com | Provider=LeakCheck | Breached=True | Count=2
2026-02-27 01:17:48,455 | INFO | Writing results to output CSV
2026-02-27 01:17:48,457 | INFO | Processing complete
2026-02-27 01:17:48,465 | INFO | Starting email breach processing job
2026-02-27 01:17:48,466 | INFO | Processing bad@test.com
2026-02-27 01:17:48,467 | ERROR | Failed processing bad@test.com: API failure
2026-02-27 01:17:48,468 | INFO | Writing results to output CSV
2026-02-27 01:17:48,470 | INFO | Processing complete
2026-02-27 01:17:48,474 | INFO | Starting email breach processing job
2026-02-27 01:17:48,476 | INFO | Processing example@test.com
2026-02-27 01:17:48,476 | DEBUG | example@test.com | Provider=LeakCheck | Breached=True | Count=2
2026-02-27 01:17:48,477 | INFO | Writing results to output CSV
2026-02-27 01:17:48,478 | INFO | Processing complete
2026-02-27 01:20:59,714 | INFO | Using LeakCheck (Primary)...
2026-02-27 01:20:59,716 | WARNING | LeakCheck attempt 1 failed: LeakCheck down
2026-02-27 01:20:59,716 | INFO | Retrying LeakCheck in 1 seconds...
2026-02-27 01:20:59,716 | WARNING | LeakCheck attempt 2 failed: LeakCheck down
2026-02-27 01:20:59,717 | INFO | Retrying LeakCheck in 2 seconds...
2026-02-27 01:20:59,718 | WARNING | LeakCheck attempt 3 failed: LeakCheck down
2026-02-27 01:20:59,718 | ERROR | LeakCheck failed after 3 attempts
2026-02-27 01:20:59,718 | ERROR | LeakCheck failed: LeakCheck down
2026-02-27 01:20:59,719 | INFO | Using IntelX (Fallback)...
2026-02-27 01:20:59,719 | DEBUG | Provider health: {'LeakCheck': {'failures': 1, 'disabled': False}, 'IntelX': {'failures': 0, 'disabled': False}}
2026-02-27 01:20:59,722 | INFO | Using LeakCheck (Primary)...
2026-02-27 01:20:59,723 | WARNING | LeakCheck attempt 1 failed: LeakCheck down
2026-02-27 01:20:59,724 | INFO | Retrying LeakCheck in 1 seconds...
2026-02-27 01:21:00,725 | WARNING | LeakCheck attempt 2 failed: LeakCheck down
2026-02-27 01:21:00,727 | INFO | Retrying LeakCheck in 2 seconds...
2026-02-27 01:21:02,728 | WARNING | LeakCheck attempt 3 failed: LeakCheck down
2026-02-27 01:21:02,730 | ERROR | LeakCheck failed after 3 attempts
2026-02-27 01:21:02,731 | ERROR | LeakCheck failed: LeakCheck down
2026-02-27 01:21:02,731 | INFO | Using IntelX (Fallback)...
2026-02-27 01:21:02,732 | DEBUG | Provider health: {'LeakCheck': {'failures': 1, 'disabled': False}, 'IntelX': {'failures': 0, 'disabled': False}}
2026-02-27 01:21:02,734 | INFO | Using LeakCheck (Primary)...
2026-02-27 01:21:02,735 | WARNING | LeakCheck attempt 1 failed: LeakCheck down
2026-02-27 01:21:02,736 | INFO | Retrying LeakCheck in 1 seconds...
2026-02-27 01:21:03,738 | WARNING | LeakCheck attempt 2 failed: LeakCheck down
2026-02-27 01:21:03,740 | INFO | Retrying LeakCheck in 2 seconds...
2026-02-27 01:21:05,741 | WARNING | LeakCheck attempt 3 failed: LeakCheck down
2026-02-27 01:21:05,744 | ERROR | LeakCheck failed after 3 attempts
2026-02-27 01:21:05,745 | ERROR | LeakCheck failed: LeakCheck down
2026-02-27 01:21:05,745 | INFO | Using IntelX (Fallback)...
2026-02-27 01:21:05,746 | DEBUG | Provider health: {'LeakCheck': {'failures': 2, 'disabled': False}, 'IntelX': {'failures': 0, 'disabled': False}}
2026-02-27 01:21:05,747 | INFO | Using LeakCheck (Primary)...
2026-02-27 01:21:05,748 | WARNING | LeakCheck attempt 1 failed: LeakCheck down
2026-02-27 01:21:05,748 | INFO | Retrying LeakCheck in 1 seconds...
2026-02-27 01:21:06,749 | WARNING | LeakCheck attempt 2 failed: LeakCheck down
2026-02-27 01:21:06,751 | INFO | Retrying LeakCheck in 2 seconds...
2026-02-27 01:21:08,752 | WARNING | LeakCheck attempt 3 failed: LeakCheck down
2026-02-27 01:21:08,755 | ERROR | LeakCheck failed after 3 attempts
2026-02-27 01:21:08,756 | ERROR | LeakCheck failed: LeakCheck down
2026-02-27 01:21:08,757 | WARNING | LeakCheck temporarily disabled due to repeated failures
2026-02-27 01:21:08,757 | INFO | Using IntelX (Fallback)...
2026-02-27 01:21:08,758 | DEBUG | Provider health: {'LeakCheck': {'failures': 3, 'disabled': True}, 'IntelX': {'failures': 0, 'disabled': False}}
2026-02-27 01:21:08,758 | INFO | Using IntelX (Fallback)...
2026-02-27 01:21:08,759 | DEBUG | Provider health: {'LeakCheck': {'failures': 3, 'disabled': True}, 'IntelX': {'failures': 0, 'disabled': False}}
2026-02-27 01:21:08,764 | INFO | Using LeakCheck (Primary)...
2026-02-27 01:21:08,766 | DEBUG | Provider health state: {'LeakCheck': {'failures': 0, 'disabled': False}, 'IntelX': {'failures': 0, 'disabled': False}}
2026-02-27 01:21:08,779 | INFO | Starting email breach processing job
2026-02-27 01:21:08,780 | INFO | Processing example@test.com
2026-02-27 01:21:08,781 | DEBUG | example@test.com | Provider=LeakCheck | Breached=True | Count=2
2026-02-27 01:21:08,781 | INFO | Writing results to output CSV
2026-02-27 01:21:08,781 | INFO | Processing complete
2026-02-27 01:21:08,784 | INFO | Starting email breach processing job
2026-02-27 01:21:08,785 | INFO | Processing bad@test.com
2026-02-27 01:21:08,786 | ERROR | Failed processing bad@test.com: API failure
2026-02-27 01:21:08,786 | INFO | Writing results to output CSV
2026-02-27 01:21:08,787 | INFO | Processing complete
2026-02-27 01:21:08,791 | INFO | Starting email breach processing job
2026-02-27 01:21:08,792 | INFO | Processing example@test.com
2026-02-27 01:21:08,793 | DEBUG | example@test.com | Provider=LeakCheck | Breached=True | Count=2
2026-02-27 01:21:08,793 | INFO | Writing results to output CSV
2026-02-27 01:21:08,793 | INFO | Processing complete
2026-03-04 09:49:01,296 | INFO | Starting email breach processing job
2026-03-04 09:49:01,298 | INFO | Processing example@example.com
2026-03-04 09:49:01,298 | INFO | Using LeakCheck (Primary)...
2026-03-04 09:49:01,304 | DEBUG | Starting new HTTPS connection (1): leakcheck.io:443
2026-03-04 09:49:03,823 | DEBUG | https://leakcheck.io:443 "GET /api/public?check=example%40example.com HTTP/1.1" 200 None
2026-03-04 09:49:03,826 | DEBUG | Provider health state: {'LeakCheck': {'failures': 0, 'disabled': False}, 'IntelX': {'failures': 0, 'disabled': False}}
2026-03-04 09:49:03,826 | DEBUG | example@example.com | Provider=LeakCheck | Breached=True | Count=1000
2026-03-04 09:49:03,827 | INFO | Processing mike.catlin@polarcapital.co.uk
2026-03-04 09:49:03,827 | INFO | Using LeakCheck (Primary)...
2026-03-04 09:49:03,828 | DEBUG | Starting new HTTPS connection (1): leakcheck.io:443
2026-03-04 09:49:04,537 | DEBUG | https://leakcheck.io:443 "GET /api/public?check=mike.catlin%40polarcapital.co.uk HTTP/1.1" 200 None
2026-03-04 09:49:04,540 | DEBUG | Provider health state: {'LeakCheck': {'failures': 0, 'disabled': False}, 'IntelX': {'failures': 0, 'disabled': False}}
2026-03-04 09:49:04,540 | DEBUG | mike.catlin@polarcapital.co.uk | Provider=LeakCheck | Breached=True | Count=7
2026-03-04 09:49:04,540 | INFO | Processing admin@steel-gamers.ru
2026-03-04 09:49:04,540 | INFO | Using LeakCheck (Primary)...
2026-03-04 09:49:04,541 | DEBUG | Starting new HTTPS connection (1): leakcheck.io:443
2026-03-04 09:49:14,911 | WARNING | LeakCheck attempt 1 failed: HTTPSConnectionPool(host='leakcheck.io', port=443): Read timed out. (read timeout=10)
2026-03-04 09:49:14,912 | INFO | Retrying LeakCheck in 1 seconds...
2026-03-04 09:49:15,915 | DEBUG | Starting new HTTPS connection (1): leakcheck.io:443
2026-03-04 09:49:16,440 | DEBUG | https://leakcheck.io:443 "GET /api/public?check=admin%40steel-gamers.ru HTTP/1.1" 200 None
2026-03-04 09:49:16,443 | DEBUG | Provider health state: {'LeakCheck': {'failures': 0, 'disabled': False}, 'IntelX': {'failures': 0, 'disabled': False}}
2026-03-04 09:49:16,443 | DEBUG | admin@steel-gamers.ru | Provider=LeakCheck | Breached=False | Count=0
2026-03-04 09:49:16,443 | INFO | Processing admin@belfastmet.ac.uk
2026-03-04 09:49:16,443 | INFO | Using LeakCheck (Primary)...
2026-03-04 09:49:16,445 | DEBUG | Starting new HTTPS connection (1): leakcheck.io:443
2026-03-04 09:49:21,436 | DEBUG | https://leakcheck.io:443 "GET /api/public?check=admin%40belfastmet.ac.uk HTTP/1.1" 200 None
2026-03-04 09:49:21,438 | DEBUG | Provider health state: {'LeakCheck': {'failures': 0, 'disabled': False}, 'IntelX': {'failures': 0, 'disabled': False}}
2026-03-04 09:49:21,439 | DEBUG | admin@belfastmet.ac.uk | Provider=LeakCheck | Breached=False | Count=0
2026-03-04 09:49:21,439 | INFO | Writing results to output CSV
2026-03-04 09:49:21,440 | INFO | Processing complete
2026-03-04 15:23:56,649 | INFO | Starting email breach processing job
2026-03-04 15:23:56,661 | INFO | Processing example@example.com
2026-03-04 15:23:56,662 | INFO | Using LeakCheck (Primary)...
2026-03-04 15:23:56,670 | DEBUG | Starting new HTTPS connection (1): leakcheck.io:443
2026-03-04 15:23:58,893 | DEBUG | https://leakcheck.io:443 "GET /api/public?check=example%40example.com HTTP/1.1" 200 None
2026-03-04 15:23:58,899 | DEBUG | Provider health state: {'LeakCheck': {'failures': 0, 'disabled': False}, 'IntelX': {'failures': 0, 'disabled': False}}
2026-03-04 15:23:58,900 | DEBUG | example@example.com | Provider=LeakCheck | Breached=True | Count=1000
2026-03-04 15:23:58,901 | INFO | Processing mike.catlin@polarcapital.co.uk
2026-03-04 15:23:58,902 | INFO | Using LeakCheck (Primary)...
2026-03-04 15:23:58,904 | DEBUG | Starting new HTTPS connection (1): leakcheck.io:443
2026-03-04 15:23:59,590 | DEBUG | https://leakcheck.io:443 "GET /api/public?check=mike.catlin%40polarcapital.co.uk HTTP/1.1" 200 None
2026-03-04 15:23:59,594 | DEBUG | Provider health state: {'LeakCheck': {'failures': 0, 'disabled': False}, 'IntelX': {'failures': 0, 'disabled': False}}
2026-03-04 15:23:59,595 | DEBUG | mike.catlin@polarcapital.co.uk | Provider=LeakCheck | Breached=True | Count=7
2026-03-04 15:23:59,595 | INFO | Processing admin@steel-gamers.ru
2026-03-04 15:23:59,596 | INFO | Using LeakCheck (Primary)...
2026-03-04 15:23:59,597 | DEBUG | Starting new HTTPS connection (1): leakcheck.io:443
2026-03-04 15:24:00,064 | DEBUG | https://leakcheck.io:443 "GET /api/public?check=admin%40steel-gamers.ru HTTP/1.1" 200 None
2026-03-04 15:24:00,068 | DEBUG | Provider health state: {'LeakCheck': {'failures': 0, 'disabled': False}, 'IntelX': {'failures': 0, 'disabled': False}}
2026-03-04 15:24:00,069 | DEBUG | admin@steel-gamers.ru | Provider=LeakCheck | Breached=False | Count=0
2026-03-04 15:24:00,070 | INFO | Processing admin@belfastmet.ac.uk
2026-03-04 15:24:00,070 | INFO | Using LeakCheck (Primary)...
2026-03-04 15:24:00,072 | DEBUG | Starting new HTTPS connection (1): leakcheck.io:443
2026-03-04 15:24:00,526 | DEBUG | https://leakcheck.io:443 "GET /api/public?check=admin%40belfastmet.ac.uk HTTP/1.1" 200 None
2026-03-04 15:24:00,530 | DEBUG | Provider health state: {'LeakCheck': {'failures': 0, 'disabled': False}, 'IntelX': {'failures': 0, 'disabled': False}}
2026-03-04 15:24:00,531 | DEBUG | admin@belfastmet.ac.uk | Provider=LeakCheck | Breached=False | Count=0
2026-03-04 15:24:00,532 | INFO | Writing results to output CSV
2026-03-04 15:37:41,543 | INFO | Starting email breach processing job
2026-03-04 15:37:41,549 | INFO | Processing example@example.com
2026-03-04 15:37:41,549 | INFO | Using LeakCheck (Primary)...
2026-03-04 15:37:41,551 | DEBUG | Starting new HTTPS connection (1): leakcheck.io:443
2026-03-04 15:37:42,197 | DEBUG | https://leakcheck.io:443 "GET /api/public?check=example%40example.com HTTP/1.1" 200 None
2026-03-04 15:37:42,200 | DEBUG | Provider health state: {'LeakCheck': {'failures': 0, 'disabled': False}, 'IntelX': {'failures': 0, 'disabled': False}}
2026-03-04 15:37:42,201 | DEBUG | example@example.com | Provider=LeakCheck | Breached=True | Count=1000
2026-03-04 15:37:42,201 | INFO | Processing mike.catlin@polarcapital.co.uk
2026-03-04 15:37:42,201 | INFO | Using LeakCheck (Primary)...
2026-03-04 15:37:42,202 | DEBUG | Starting new HTTPS connection (1): leakcheck.io:443
2026-03-04 15:37:42,607 | DEBUG | https://leakcheck.io:443 "GET /api/public?check=mike.catlin%40polarcapital.co.uk HTTP/1.1" 200 None
2026-03-04 15:37:42,611 | DEBUG | Provider health state: {'LeakCheck': {'failures': 0, 'disabled': False}, 'IntelX': {'failures': 0, 'disabled': False}}
2026-03-04 15:37:42,611 | DEBUG | mike.catlin@polarcapital.co.uk | Provider=LeakCheck | Breached=True | Count=7
2026-03-04 15:37:42,612 | INFO | Processing admin@steel-gamers.ru
2026-03-04 15:37:42,612 | INFO | Using LeakCheck (Primary)...
2026-03-04 15:37:42,613 | DEBUG | Starting new HTTPS connection (1): leakcheck.io:443
2026-03-04 15:37:42,992 | DEBUG | https://leakcheck.io:443 "GET /api/public?check=admin%40steel-gamers.ru HTTP/1.1" 200 None
2026-03-04 15:37:42,994 | DEBUG | Provider health state: {'LeakCheck': {'failures': 0, 'disabled': False}, 'IntelX': {'failures': 0, 'disabled': False}}
2026-03-04 15:37:42,995 | DEBUG | admin@steel-gamers.ru | Provider=LeakCheck | Breached=False | Count=0
2026-03-04 15:37:42,995 | INFO | Processing admin@belfastmet.ac.uk
2026-03-04 15:37:42,995 | INFO | Using LeakCheck (Primary)...
2026-03-04 15:37:42,996 | DEBUG | Starting new HTTPS connection (1): leakcheck.io:443
2026-03-04 15:37:43,375 | DEBUG | https://leakcheck.io:443 "GET /api/public?check=admin%40belfastmet.ac.uk HTTP/1.1" 200 None
2026-03-04 15:37:43,378 | DEBUG | Provider health state: {'LeakCheck': {'failures': 0, 'disabled': False}, 'IntelX': {'failures': 0, 'disabled': False}}
2026-03-04 15:37:43,378 | DEBUG | admin@belfastmet.ac.uk | Provider=LeakCheck | Breached=False | Count=0
2026-03-04 15:37:43,378 | INFO | Writing results to output CSV
2026-03-04 15:37:43,379 | INFO | Processing complete
2026-03-04 16:03:57,561 | INFO | Starting email breach processing job
2026-03-04 16:05:39,619 | INFO | Starting email breach processing job
2026-03-04 16:08:38,848 | INFO | Starting email breach processing job
2026-03-04 16:08:38,854 | INFO | Processing example@example.com
2026-03-04 16:08:38,854 | INFO | Using LeakCheck (Primary)...
2026-03-04 16:08:38,857 | DEBUG | Starting new HTTPS connection (1): leakcheck.io:443
2026-03-04 16:08:40,248 | DEBUG | https://leakcheck.io:443 "GET /api/public?check=example%40example.com HTTP/1.1" 200 None
2026-03-04 16:08:40,255 | DEBUG | Provider health state: {'LeakCheck': {'failures': 0, 'disabled': False}, 'IntelX': {'failures': 0, 'disabled': False}}
2026-03-04 16:08:40,256 | DEBUG | example@example.com | Provider=LeakCheck | Breached=True | Count=1000
2026-03-04 16:08:40,256 | INFO | Processing mike.catlin@polarcapital.co.uk
2026-03-04 16:08:40,256 | INFO | Using LeakCheck (Primary)...
2026-03-04 16:08:40,258 | DEBUG | Starting new HTTPS connection (1): leakcheck.io:443
2026-03-04 16:08:41,041 | DEBUG | https://leakcheck.io:443 "GET /api/public?check=mike.catlin%40polarcapital.co.uk HTTP/1.1" 200 None
2026-03-04 16:08:41,045 | DEBUG | Provider health state: {'LeakCheck': {'failures': 0, 'disabled': False}, 'IntelX': {'failures': 0, 'disabled': False}}
2026-03-04 16:08:41,046 | DEBUG | mike.catlin@polarcapital.co.uk | Provider=LeakCheck | Breached=True | Count=7
2026-03-04 16:08:41,046 | INFO | Processing admin@steel-gamers.ru
2026-03-04 16:08:41,047 | INFO | Using LeakCheck (Primary)...
2026-03-04 16:08:41,048 | DEBUG | Starting new HTTPS connection (1): leakcheck.io:443
2026-03-04 16:08:41,737 | DEBUG | https://leakcheck.io:443 "GET /api/public?check=admin%40steel-gamers.ru HTTP/1.1" 200 None
2026-03-04 16:08:41,743 | DEBUG | Provider health state: {'LeakCheck': {'failures': 0, 'disabled': False}, 'IntelX': {'failures': 0, 'disabled': False}}
2026-03-04 16:08:41,743 | DEBUG | admin@steel-gamers.ru | Provider=LeakCheck | Breached=False | Count=0
2026-03-04 16:08:41,744 | INFO | Processing admin@belfastmet.ac.uk
2026-03-04 16:08:41,745 | INFO | Using LeakCheck (Primary)...
2026-03-04 16:08:41,747 | DEBUG | Starting new HTTPS connection (1): leakcheck.io:443
2026-03-04 16:08:42,281 | DEBUG | https://leakcheck.io:443 "GET /api/public?check=admin%40belfastmet.ac.uk HTTP/1.1" 200 None
2026-03-04 16:08:42,283 | DEBUG | Provider health state: {'LeakCheck': {'failures': 0, 'disabled': False}, 'IntelX': {'failures': 0, 'disabled': False}}
2026-03-04 16:08:42,284 | DEBUG | admin@belfastmet.ac.uk | Provider=LeakCheck | Breached=False | Count=0
2026-03-04 16:08:42,284 | INFO | Writing results to output CSV
2026-03-04 16:08:42,285 | INFO | Processing complete
2026-03-04 16:09:33,857 | INFO | Starting email breach processing job
2026-03-04 16:09:33,863 | INFO | Processing example@example.com
2026-03-04 16:09:33,864 | INFO | Using LeakCheck (Primary)...
2026-03-04 16:09:34,458 | INFO | Processing mike.catlin@polarcapital.co.uk
2026-03-04 16:09:34,458 | INFO | Using LeakCheck (Primary)...
2026-03-04 16:09:34,888 | INFO | Processing admin@steel-gamers.ru
2026-03-04 16:09:34,889 | INFO | Using LeakCheck (Primary)...
2026-03-04 16:09:35,667 | INFO | Processing admin@belfastmet.ac.uk
2026-03-04 16:09:35,668 | INFO | Using LeakCheck (Primary)...
2026-03-04 16:09:36,230 | INFO | Writing results to output CSV
2026-03-04 16:09:36,232 | INFO | Processing complete
2026-03-04 17:06:37,442 | INFO | Starting email breach processing job
2026-03-04 17:06:37,449 | INFO | Processing example@example.com
2026-03-04 17:06:37,449 | INFO | Using LeakCheck...
2026-03-04 17:06:37,452 | DEBUG | Starting new HTTPS connection (1): leakcheck.io:443
2026-03-04 17:06:38,849 | DEBUG | https://leakcheck.io:443 "GET /api/public?check=example%40example.com HTTP/1.1" 200 None
2026-03-04 17:06:38,855 | DEBUG | Provider health state: {'LeakCheck': {'failures': 0, 'disabled': False}, 'IntelX': {'failures': 0, 'disabled': False}}
2026-03-04 17:06:38,856 | DEBUG | example@example.com | Provider=LeakCheck | Breached=True | Count=1000
2026-03-04 17:06:38,857 | INFO | Processing mike.catlin@polarcapital.co.uk
2026-03-04 17:06:38,858 | INFO | Using LeakCheck...
2026-03-04 17:06:38,861 | DEBUG | Starting new HTTPS connection (1): leakcheck.io:443
2026-03-04 17:06:39,575 | DEBUG | https://leakcheck.io:443 "GET /api/public?check=mike.catlin%40polarcapital.co.uk HTTP/1.1" 200 None
2026-03-04 17:06:39,580 | DEBUG | Provider health state: {'LeakCheck': {'failures': 0, 'disabled': False}, 'IntelX': {'failures': 0, 'disabled': False}}
2026-03-04 17:06:39,581 | DEBUG | mike.catlin@polarcapital.co.uk | Provider=LeakCheck | Breached=True | Count=7
2026-03-04 17:06:39,582 | INFO | Processing admin@steel-gamers.ru
2026-03-04 17:06:39,583 | INFO | Using LeakCheck...
2026-03-04 17:06:39,586 | DEBUG | Starting new HTTPS connection (1): leakcheck.io:443
2026-03-04 17:06:40,267 | DEBUG | https://leakcheck.io:443 "GET /api/public?check=admin%40steel-gamers.ru HTTP/1.1" 200 None
2026-03-04 17:06:40,272 | DEBUG | Provider health state: {'LeakCheck': {'failures': 0, 'disabled': False}, 'IntelX': {'failures': 0, 'disabled': False}}
2026-03-04 17:06:40,273 | DEBUG | admin@steel-gamers.ru | Provider=LeakCheck | Breached=False | Count=0
2026-03-04 17:06:40,273 | INFO | Processing admin@belfastmet.ac.uk
2026-03-04 17:06:40,274 | INFO | Using LeakCheck...
2026-03-04 17:06:40,277 | DEBUG | Starting new HTTPS connection (1): leakcheck.io:443
2026-03-04 17:06:41,159 | DEBUG | https://leakcheck.io:443 "GET /api/public?check=admin%40belfastmet.ac.uk HTTP/1.1" 200 None
2026-03-04 17:06:41,164 | DEBUG | Provider health state: {'LeakCheck': {'failures': 0, 'disabled': False}, 'IntelX': {'failures': 0, 'disabled': False}}
2026-03-04 17:06:41,165 | DEBUG | admin@belfastmet.ac.uk | Provider=LeakCheck | Breached=False | Count=0
2026-03-04 17:06:41,166 | INFO | Writing results to output CSV
2026-03-04 17:06:41,168 | INFO | Processing complete
2026-03-04 19:10:18,364 | INFO | Starting email breach processing job
2026-03-04 19:10:18,371 | INFO | Processing example@example.com
2026-03-04 19:10:18,371 | INFO | Using LeakCheck...
2026-03-04 19:10:18,374 | DEBUG | Starting new HTTPS connection (1): leakcheck.io:443
2026-03-04 19:10:19,700 | DEBUG | https://leakcheck.io:443 "GET /api/public?check=example%40example.com HTTP/1.1" 200 None
2026-03-04 19:10:19,702 | DEBUG | Provider health state: {'LeakCheck': {'failures': 0, 'disabled': False}, 'IntelX': {'failures': 0, 'disabled': False}}
2026-03-04 19:10:19,703 | DEBUG | example@example.com | Provider=LeakCheck | Breached=True | Count=1000
2026-03-04 19:10:19,703 | INFO | Processing mike.catlin@polarcapital.co.uk
2026-03-04 19:10:19,704 | INFO | Using LeakCheck...
2026-03-04 19:10:19,705 | DEBUG | Starting new HTTPS connection (1): leakcheck.io:443
2026-03-04 19:10:20,042 | DEBUG | https://leakcheck.io:443 "GET /api/public?check=mike.catlin%40polarcapital.co.uk HTTP/1.1" 200 None
2026-03-04 19:10:20,044 | DEBUG | Provider health state: {'LeakCheck': {'failures': 0, 'disabled': False}, 'IntelX': {'failures': 0, 'disabled': False}}
2026-03-04 19:10:20,044 | DEBUG | mike.catlin@polarcapital.co.uk | Provider=LeakCheck | Breached=True | Count=7
2026-03-04 19:10:20,045 | INFO | Processing admin@steel-gamers.ru
2026-03-04 19:10:20,045 | INFO | Using LeakCheck...
2026-03-04 19:10:20,046 | DEBUG | Starting new HTTPS connection (1): leakcheck.io:443
2026-03-04 19:10:20,356 | DEBUG | https://leakcheck.io:443 "GET /api/public?check=admin%40steel-gamers.ru HTTP/1.1" 200 None
2026-03-04 19:10:20,358 | DEBUG | Provider health state: {'LeakCheck': {'failures': 0, 'disabled': False}, 'IntelX': {'failures': 0, 'disabled': False}}
2026-03-04 19:10:20,358 | DEBUG | admin@steel-gamers.ru | Provider=LeakCheck | Breached=False | Count=0
2026-03-04 19:10:20,358 | INFO | Processing admin@belfastmet.ac.uk
2026-03-04 19:10:20,358 | INFO | Using LeakCheck...
2026-03-04 19:10:20,359 | DEBUG | Starting new HTTPS connection (1): leakcheck.io:443
2026-03-04 19:10:20,653 | DEBUG | https://leakcheck.io:443 "GET /api/public?check=admin%40belfastmet.ac.uk HTTP/1.1" 200 None
2026-03-04 19:10:20,655 | DEBUG | Provider health state: {'LeakCheck': {'failures': 0, 'disabled': False}, 'IntelX': {'failures': 0, 'disabled': False}}
2026-03-04 19:10:20,655 | DEBUG | admin@belfastmet.ac.uk | Provider=LeakCheck | Breached=False | Count=0
2026-03-04 19:10:20,656 | INFO | Writing results to output CSV
2026-03-04 19:10:20,657 | INFO | Processing complete
2026-03-04 19:10:27,047 | INFO | Starting email breach processing job
2026-03-04 19:10:27,054 | INFO | Processing example@example.com
2026-03-04 19:10:27,054 | INFO | Using LeakCheck...
2026-03-04 19:10:27,057 | DEBUG | Starting new HTTPS connection (1): leakcheck.io:443
2026-03-04 19:10:27,389 | DEBUG | https://leakcheck.io:443 "GET /api/public?check=example%40example.com HTTP/1.1" 200 None
2026-03-04 19:10:27,393 | DEBUG | Provider health state: {'LeakCheck': {'failures': 0, 'disabled': False}, 'IntelX': {'failures': 0, 'disabled': False}}
2026-03-04 19:10:27,394 | DEBUG | example@example.com | Provider=LeakCheck | Breached=True | Count=1000
2026-03-04 19:10:27,394 | INFO | Processing mike.catlin@polarcapital.co.uk
2026-03-04 19:10:27,395 | INFO | Using LeakCheck...
2026-03-04 19:10:27,396 | DEBUG | Starting new HTTPS connection (1): leakcheck.io:443
2026-03-04 19:10:27,702 | DEBUG | https://leakcheck.io:443 "GET /api/public?check=mike.catlin%40polarcapital.co.uk HTTP/1.1" 200 None
2026-03-04 19:10:27,704 | DEBUG | Provider health state: {'LeakCheck': {'failures': 0, 'disabled': False}, 'IntelX': {'failures': 0, 'disabled': False}}
2026-03-04 19:10:27,705 | DEBUG | mike.catlin@polarcapital.co.uk | Provider=LeakCheck | Breached=True | Count=7
2026-03-04 19:10:27,705 | INFO | Processing admin@steel-gamers.ru
2026-03-04 19:10:27,706 | INFO | Using LeakCheck...
2026-03-04 19:10:27,706 | DEBUG | Starting new HTTPS connection (1): leakcheck.io:443
2026-03-04 19:10:27,991 | DEBUG | https://leakcheck.io:443 "GET /api/public?check=admin%40steel-gamers.ru HTTP/1.1" 200 None
2026-03-04 19:10:27,994 | DEBUG | Provider health state: {'LeakCheck': {'failures': 0, 'disabled': False}, 'IntelX': {'failures': 0, 'disabled': False}}
2026-03-04 19:10:27,995 | DEBUG | admin@steel-gamers.ru | Provider=LeakCheck | Breached=False | Count=0
2026-03-04 19:10:27,995 | INFO | Processing admin@belfastmet.ac.uk
2026-03-04 19:10:27,995 | INFO | Using LeakCheck...
2026-03-04 19:10:27,996 | DEBUG | Starting new HTTPS connection (1): leakcheck.io:443
2026-03-04 19:10:28,290 | DEBUG | https://leakcheck.io:443 "GET /api/public?check=admin%40belfastmet.ac.uk HTTP/1.1" 200 None
2026-03-04 19:10:28,293 | DEBUG | Provider health state: {'LeakCheck': {'failures': 0, 'disabled': False}, 'IntelX': {'failures': 0, 'disabled': False}}
2026-03-04 19:10:28,294 | DEBUG | admin@belfastmet.ac.uk | Provider=LeakCheck | Breached=False | Count=0
2026-03-04 19:10:28,294 | INFO | Writing results to output CSV
2026-03-04 19:10:28,295 | INFO | Processing complete
2026-03-04 19:14:12,941 | INFO | Starting email breach processing job
2026-03-04 19:14:12,945 | INFO | Processing example@example.com
2026-03-04 19:14:12,946 | INFO | Using IntelX...
2026-03-04 19:14:12,948 | DEBUG | Starting new HTTPS connection (1): free.intelx.io:443
2026-03-04 19:14:14,532 | DEBUG | https://free.intelx.io:443 "POST /intelligent/search HTTP/1.1" 200 134
2026-03-04 19:14:16,535 | DEBUG | Starting new HTTPS connection (1): free.intelx.io:443
2026-03-04 19:14:17,576 | DEBUG | https://free.intelx.io:443 "GET /intelligent/search/result?id=632bec33-19c6-4676-93c6-b986117437ce HTTP/1.1" 200 None
2026-03-04 19:14:17,866 | DEBUG | Provider health state: {'LeakCheck': {'failures': 0, 'disabled': False}, 'IntelX': {'failures': 0, 'disabled': False}}
2026-03-04 19:14:17,866 | DEBUG | example@example.com | Provider=IntelX | Breached=True | Count=0
2026-03-04 19:14:17,867 | INFO | Processing mike.catlin@polarcapital.co.uk
2026-03-04 19:14:17,867 | INFO | Using IntelX...
2026-03-04 19:14:17,868 | DEBUG | Starting new HTTPS connection (1): free.intelx.io:443
2026-03-04 19:14:18,268 | DEBUG | https://free.intelx.io:443 "POST /intelligent/search HTTP/1.1" 200 148
2026-03-04 19:14:20,270 | DEBUG | Starting new HTTPS connection (1): free.intelx.io:443
2026-03-04 19:14:30,746 | DEBUG | https://free.intelx.io:443 "GET /intelligent/search/result?id=aa92aa15-df84-4504-809a-ef6c4f1a3db5 HTTP/1.1" 200 None
2026-03-04 19:14:30,839 | DEBUG | Provider health state: {'LeakCheck': {'failures': 0, 'disabled': False}, 'IntelX': {'failures': 0, 'disabled': False}}
2026-03-04 19:14:30,839 | DEBUG | mike.catlin@polarcapital.co.uk | Provider=IntelX | Breached=True | Count=0
2026-03-04 19:14:30,839 | INFO | Processing admin@steel-gamers.ru
2026-03-04 19:14:30,840 | INFO | Using IntelX...
2026-03-04 19:14:30,841 | DEBUG | Starting new HTTPS connection (1): free.intelx.io:443
2026-03-04 19:14:41,414 | DEBUG | https://free.intelx.io:443 "POST /intelligent/search HTTP/1.1" 200 142
2026-03-04 19:14:43,418 | DEBUG | Starting new HTTPS connection (1): free.intelx.io:443
2026-03-04 19:14:53,958 | DEBUG | https://free.intelx.io:443 "GET /intelligent/search/result?id=be8d18d6-8ee3-4054-b7ce-57b1b85b2119 HTTP/1.1" 200 None
2026-03-04 19:14:53,961 | DEBUG | Provider health state: {'LeakCheck': {'failures': 0, 'disabled': False}, 'IntelX': {'failures': 0, 'disabled': False}}
2026-03-04 19:14:53,962 | DEBUG | admin@steel-gamers.ru | Provider=IntelX | Breached=False | Count=0
2026-03-04 19:14:53,962 | INFO | Processing admin@belfastmet.ac.uk
2026-03-04 19:14:53,962 | INFO | Using IntelX...
2026-03-04 19:14:53,963 | DEBUG | Starting new HTTPS connection (1): free.intelx.io:443
2026-03-04 19:15:04,335 | DEBUG | https://free.intelx.io:443 "POST /intelligent/search HTTP/1.1" 200 144
2026-03-04 19:15:06,340 | DEBUG | Starting new HTTPS connection (1): free.intelx.io:443
2026-03-04 19:15:16,685 | DEBUG | https://free.intelx.io:443 "GET /intelligent/search/result?id=dcf0726d-5b54-4640-ac0f-14359b9b2213 HTTP/1.1" 200 26
2026-03-04 19:15:16,688 | DEBUG | Provider health state: {'LeakCheck': {'failures': 0, 'disabled': False}, 'IntelX': {'failures': 0, 'disabled': False}}
2026-03-04 19:15:16,689 | DEBUG | admin@belfastmet.ac.uk | Provider=IntelX | Breached=False | Count=0
2026-03-04 19:15:16,689 | INFO | Writing results to output CSV
2026-03-04 19:15:16,691 | INFO | Processing complete
2026-03-04 19:27:52,675 | INFO | Starting email breach processing job
2026-03-04 19:27:52,679 | INFO | Processing example@example.com
2026-03-04 19:27:52,679 | INFO | Using IntelX...
2026-03-04 19:27:52,682 | DEBUG | Starting new HTTPS connection (1): free.intelx.io:443
2026-03-04 19:27:53,038 | DEBUG | https://free.intelx.io:443 "POST /intelligent/search HTTP/1.1" 200 134
2026-03-04 19:27:55,041 | DEBUG | Starting new HTTPS connection (1): free.intelx.io:443
2026-03-04 19:27:55,394 | DEBUG | https://free.intelx.io:443 "GET /intelligent/search/result?id=906c6701-2c79-4cde-8c98-2908732ec6e7 HTTP/1.1" 200 None
2026-03-04 19:27:55,753 | DEBUG | Provider health state: {'LeakCheck': {'failures': 0, 'disabled': False}, 'IntelX': {'failures': 0, 'disabled': False}}
2026-03-04 19:27:55,754 | DEBUG | example@example.com | Provider=IntelX | Breached=True | Count=9
2026-03-04 19:27:55,754 | INFO | Processing mike.catlin@polarcapital.co.uk
2026-03-04 19:27:55,755 | INFO | Using IntelX...
2026-03-04 19:27:55,757 | DEBUG | Starting new HTTPS connection (1): free.intelx.io:443
2026-03-04 19:27:56,086 | DEBUG | https://free.intelx.io:443 "POST /intelligent/search HTTP/1.1" 200 148
2026-03-04 19:27:58,090 | DEBUG | Starting new HTTPS connection (1): free.intelx.io:443
2026-03-04 19:28:08,602 | DEBUG | https://free.intelx.io:443 "GET /intelligent/search/result?id=d3c5194a-9894-4d46-a043-8ec4bbaca982 HTTP/1.1" 200 None
2026-03-04 19:28:08,706 | DEBUG | Provider health state: {'LeakCheck': {'failures': 0, 'disabled': False}, 'IntelX': {'failures': 0, 'disabled': False}}
2026-03-04 19:28:08,706 | DEBUG | mike.catlin@polarcapital.co.uk | Provider=IntelX | Breached=True | Count=1
2026-03-04 19:28:08,706 | INFO | Processing admin@steel-gamers.ru
2026-03-04 19:28:08,706 | INFO | Using IntelX...
2026-03-04 19:28:08,707 | DEBUG | Starting new HTTPS connection (1): free.intelx.io:443
2026-03-04 19:28:19,212 | DEBUG | https://free.intelx.io:443 "POST /intelligent/search HTTP/1.1" 200 142
2026-03-04 19:28:21,214 | DEBUG | Starting new HTTPS connection (1): free.intelx.io:443
2026-03-04 19:28:31,745 | DEBUG | https://free.intelx.io:443 "GET /intelligent/search/result?id=af07f744-c297-4eb0-bfc3-28bd2ae7bdb0 HTTP/1.1" 200 None
2026-03-04 19:28:31,748 | DEBUG | Provider health state: {'LeakCheck': {'failures': 0, 'disabled': False}, 'IntelX': {'failures': 0, 'disabled': False}}
2026-03-04 19:28:31,748 | DEBUG | admin@steel-gamers.ru | Provider=IntelX | Breached=False | Count=0
2026-03-04 19:28:31,748 | INFO | Processing admin@belfastmet.ac.uk
2026-03-04 19:28:31,748 | INFO | Using IntelX...
2026-03-04 19:28:31,749 | DEBUG | Starting new HTTPS connection (1): free.intelx.io:443
2026-03-04 19:28:42,250 | DEBUG | https://free.intelx.io:443 "POST /intelligent/search HTTP/1.1" 200 144
2026-03-04 19:28:44,253 | DEBUG | Starting new HTTPS connection (1): free.intelx.io:443
2026-03-04 19:28:54,785 | DEBUG | https://free.intelx.io:443 "GET /intelligent/search/result?id=b8a30914-5fa5-4812-a715-c73e96a2118d HTTP/1.1" 200 26
2026-03-04 19:28:54,788 | DEBUG | Provider health state: {'LeakCheck': {'failures': 0, 'disabled': False}, 'IntelX': {'failures': 0, 'disabled': False}}
2026-03-04 19:28:54,788 | DEBUG | admin@belfastmet.ac.uk | Provider=IntelX | Breached=False | Count=0
2026-03-04 19:28:54,789 | INFO | Writing results to output CSV
2026-03-04 19:28:54,790 | INFO | Processing complete
2026-03-04 19:32:03,403 | INFO | Starting email breach processing job
2026-03-04 19:32:03,407 | INFO | Processing example@example.com
2026-03-04 19:32:03,407 | INFO | Using LeakCheck...
2026-03-04 19:32:03,409 | DEBUG | Starting new HTTPS connection (1): leakcheck.io:443
2026-03-04 19:32:03,779 | DEBUG | https://leakcheck.io:443 "GET /api/public?check=example%40example.com HTTP/1.1" 200 None
2026-03-04 19:32:03,782 | DEBUG | Provider health state: {'LeakCheck': {'failures': 0, 'disabled': False}, 'IntelX': {'failures': 0, 'disabled': False}}
2026-03-04 19:32:03,782 | DEBUG | example@example.com | Provider=LeakCheck | Breached=True | Count=1000
2026-03-04 19:32:03,783 | INFO | Processing mike.catlin@polarcapital.co.uk
2026-03-04 19:32:03,783 | INFO | Using LeakCheck...
2026-03-04 19:32:03,784 | DEBUG | Starting new HTTPS connection (1): leakcheck.io:443
2026-03-04 19:32:04,094 | DEBUG | https://leakcheck.io:443 "GET /api/public?check=mike.catlin%40polarcapital.co.uk HTTP/1.1" 200 None
2026-03-04 19:32:04,097 | DEBUG | Provider health state: {'LeakCheck': {'failures': 0, 'disabled': False}, 'IntelX': {'failures': 0, 'disabled': False}}
2026-03-04 19:32:04,097 | DEBUG | mike.catlin@polarcapital.co.uk | Provider=LeakCheck | Breached=True | Count=7
2026-03-04 19:32:04,097 | INFO | Processing admin@steel-gamers.ru
2026-03-04 19:32:04,097 | INFO | Using LeakCheck...
2026-03-04 19:32:04,098 | DEBUG | Starting new HTTPS connection (1): leakcheck.io:443
2026-03-04 19:32:04,394 | DEBUG | https://leakcheck.io:443 "GET /api/public?check=admin%40steel-gamers.ru HTTP/1.1" 200 None
2026-03-04 19:32:04,395 | DEBUG | Provider health state: {'LeakCheck': {'failures': 0, 'disabled': False}, 'IntelX': {'failures': 0, 'disabled': False}}
2026-03-04 19:32:04,396 | DEBUG | admin@steel-gamers.ru | Provider=LeakCheck | Breached=False | Count=0
2026-03-04 19:32:04,396 | INFO | Processing admin@belfastmet.ac.uk
2026-03-04 19:32:04,396 | INFO | Using LeakCheck...
2026-03-04 19:32:04,397 | DEBUG | Starting new HTTPS connection (1): leakcheck.io:443
2026-03-04 19:32:04,690 | DEBUG | https://leakcheck.io:443 "GET /api/public?check=admin%40belfastmet.ac.uk HTTP/1.1" 200 None
2026-03-04 19:32:04,692 | DEBUG | Provider health state: {'LeakCheck': {'failures': 0, 'disabled': False}, 'IntelX': {'failures': 0, 'disabled': False}}
2026-03-04 19:32:04,692 | DEBUG | admin@belfastmet.ac.uk | Provider=LeakCheck | Breached=False | Count=0
2026-03-04 19:32:04,693 | INFO | Writing results to output CSV
2026-03-04 19:32:17,376 | INFO | Starting email breach processing job
2026-03-04 19:32:17,380 | INFO | Processing example@example.com
2026-03-04 19:32:17,381 | INFO | Using LeakCheck...
2026-03-04 19:32:17,383 | DEBUG | Starting new HTTPS connection (1): leakcheck.io:443
2026-03-04 19:32:17,727 | DEBUG | https://leakcheck.io:443 "GET /api/public?check=example%40example.com HTTP/1.1" 200 None
2026-03-04 19:32:17,730 | DEBUG | Provider health state: {'LeakCheck': {'failures': 0, 'disabled': False}, 'IntelX': {'failures': 0, 'disabled': False}}
2026-03-04 19:32:17,730 | DEBUG | example@example.com | Provider=LeakCheck | Breached=True | Count=1000
2026-03-04 19:32:17,731 | INFO | Processing mike.catlin@polarcapital.co.uk
2026-03-04 19:32:17,731 | INFO | Using LeakCheck...
2026-03-04 19:32:17,732 | DEBUG | Starting new HTTPS connection (1): leakcheck.io:443
2026-03-04 19:32:18,027 | DEBUG | https://leakcheck.io:443 "GET /api/public?check=mike.catlin%40polarcapital.co.uk HTTP/1.1" 200 None
2026-03-04 19:32:18,031 | DEBUG | Provider health state: {'LeakCheck': {'failures': 0, 'disabled': False}, 'IntelX': {'failures': 0, 'disabled': False}}
2026-03-04 19:32:18,031 | DEBUG | mike.catlin@polarcapital.co.uk | Provider=LeakCheck | Breached=True | Count=7
2026-03-04 19:32:18,032 | INFO | Processing admin@steel-gamers.ru
2026-03-04 19:32:18,032 | INFO | Using LeakCheck...
2026-03-04 19:32:18,033 | DEBUG | Starting new HTTPS connection (1): leakcheck.io:443
2026-03-04 19:32:18,352 | DEBUG | https://leakcheck.io:443 "GET /api/public?check=admin%40steel-gamers.ru HTTP/1.1" 200 None
2026-03-04 19:32:18,355 | DEBUG | Provider health state: {'LeakCheck': {'failures': 0, 'disabled': False}, 'IntelX': {'failures': 0, 'disabled': False}}
2026-03-04 19:32:18,355 | DEBUG | admin@steel-gamers.ru | Provider=LeakCheck | Breached=False | Count=0
2026-03-04 19:32:18,356 | INFO | Processing admin@belfastmet.ac.uk
2026-03-04 19:32:18,356 | INFO | Using LeakCheck...
2026-03-04 19:32:18,357 | DEBUG | Starting new HTTPS connection (1): leakcheck.io:443
2026-03-04 19:32:18,656 | DEBUG | https://leakcheck.io:443 "GET /api/public?check=admin%40belfastmet.ac.uk HTTP/1.1" 200 None
2026-03-04 19:32:18,659 | DEBUG | Provider health state: {'LeakCheck': {'failures': 0, 'disabled': False}, 'IntelX': {'failures': 0, 'disabled': False}}
2026-03-04 19:32:18,659 | DEBUG | admin@belfastmet.ac.uk | Provider=LeakCheck | Breached=False | Count=0
2026-03-04 19:32:18,660 | INFO | Writing results to output CSV
2026-03-04 19:32:18,662 | INFO | Processing complete
2026-03-04 19:38:11,714 | INFO | Starting email breach processing job
2026-03-04 19:38:11,717 | INFO | Processing example@example.com
2026-03-04 19:38:11,718 | INFO | Using LeakCheck...
2026-03-04 19:38:11,719 | DEBUG | Starting new HTTPS connection (1): leakcheck.io:443
2026-03-04 19:38:12,076 | DEBUG | https://leakcheck.io:443 "GET /api/public?check=example%40example.com HTTP/1.1" 200 None
2026-03-04 19:38:12,078 | DEBUG | Provider health state: {'LeakCheck': {'failures': 0, 'disabled': False}, 'IntelX': {'failures': 0, 'disabled': False}}
2026-03-04 19:38:12,078 | DEBUG | example@example.com | Provider=LeakCheck | Breached=True | Count=50
2026-03-04 19:38:12,078 | INFO | Processing mike.catlin@polarcapital.co.uk
2026-03-04 19:38:12,079 | INFO | Using LeakCheck...
2026-03-04 19:38:12,080 | DEBUG | Starting new HTTPS connection (1): leakcheck.io:443
2026-03-04 19:38:12,372 | DEBUG | https://leakcheck.io:443 "GET /api/public?check=mike.catlin%40polarcapital.co.uk HTTP/1.1" 200 None
2026-03-04 19:38:12,374 | DEBUG | Provider health state: {'LeakCheck': {'failures': 0, 'disabled': False}, 'IntelX': {'failures': 0, 'disabled': False}}
2026-03-04 19:38:12,374 | DEBUG | mike.catlin@polarcapital.co.uk | Provider=LeakCheck | Breached=True | Count=6
2026-03-04 19:38:12,374 | INFO | Processing admin@steel-gamers.ru
2026-03-04 19:38:12,375 | INFO | Using LeakCheck...
2026-03-04 19:38:12,375 | DEBUG | Starting new HTTPS connection (1): leakcheck.io:443
2026-03-04 19:38:12,672 | DEBUG | https://leakcheck.io:443 "GET /api/public?check=admin%40steel-gamers.ru HTTP/1.1" 200 None
2026-03-04 19:38:12,673 | DEBUG | Provider health state: {'LeakCheck': {'failures': 0, 'disabled': False}, 'IntelX': {'failures': 0, 'disabled': False}}
2026-03-04 19:38:12,673 | DEBUG | admin@steel-gamers.ru | Provider=LeakCheck | Breached=False | Count=0
2026-03-04 19:38:12,674 | INFO | Processing admin@belfastmet.ac.uk
2026-03-04 19:38:12,674 | INFO | Using LeakCheck...
2026-03-04 19:38:12,675 | DEBUG | Starting new HTTPS connection (1): leakcheck.io:443
2026-03-04 19:38:12,975 | DEBUG | https://leakcheck.io:443 "GET /api/public?check=admin%40belfastmet.ac.uk HTTP/1.1" 200 None
2026-03-04 19:38:12,977 | DEBUG | Provider health state: {'LeakCheck': {'failures': 0, 'disabled': False}, 'IntelX': {'failures': 0, 'disabled': False}}
2026-03-04 19:38:12,977 | DEBUG | admin@belfastmet.ac.uk | Provider=LeakCheck | Breached=False | Count=0
2026-03-04 19:38:12,978 | INFO | Writing results to output CSV
2026-03-04 19:38:24,438 | INFO | Starting email breach processing job
2026-03-04 19:38:24,442 | INFO | Processing example@example.com
2026-03-04 19:38:24,442 | INFO | Using LeakCheck...
2026-03-04 19:38:24,444 | DEBUG | Starting new HTTPS connection (1): leakcheck.io:443
2026-03-04 19:38:24,781 | DEBUG | https://leakcheck.io:443 "GET /api/public?check=example%40example.com HTTP/1.1" 200 None
2026-03-04 19:38:24,784 | DEBUG | Provider health state: {'LeakCheck': {'failures': 0, 'disabled': False}, 'IntelX': {'failures': 0, 'disabled': False}}
2026-03-04 19:38:24,784 | DEBUG | example@example.com | Provider=LeakCheck | Breached=True | Count=50
2026-03-04 19:38:24,785 | INFO | Processing mike.catlin@polarcapital.co.uk
2026-03-04 19:38:24,785 | INFO | Using LeakCheck...
2026-03-04 19:38:24,786 | DEBUG | Starting new HTTPS connection (1): leakcheck.io:443
2026-03-04 19:38:25,088 | DEBUG | https://leakcheck.io:443 "GET /api/public?check=mike.catlin%40polarcapital.co.uk HTTP/1.1" 200 None
2026-03-04 19:38:25,090 | DEBUG | Provider health state: {'LeakCheck': {'failures': 0, 'disabled': False}, 'IntelX': {'failures': 0, 'disabled': False}}
2026-03-04 19:38:25,090 | DEBUG | mike.catlin@polarcapital.co.uk | Provider=LeakCheck | Breached=True | Count=6
2026-03-04 19:38:25,090 | INFO | Processing admin@steel-gamers.ru
2026-03-04 19:38:25,091 | INFO | Using LeakCheck...
2026-03-04 19:38:25,092 | DEBUG | Starting new HTTPS connection (1): leakcheck.io:443
2026-03-04 19:38:25,385 | DEBUG | https://leakcheck.io:443 "GET /api/public?check=admin%40steel-gamers.ru HTTP/1.1" 200 None
2026-03-04 19:38:25,388 | DEBUG | Provider health state: {'LeakCheck': {'failures': 0, 'disabled': False}, 'IntelX': {'failures': 0, 'disabled': False}}
2026-03-04 19:38:25,388 | DEBUG | admin@steel-gamers.ru | Provider=LeakCheck | Breached=False | Count=0
2026-03-04 19:38:25,389 | INFO | Processing admin@belfastmet.ac.uk
2026-03-04 19:38:25,389 | INFO | Using LeakCheck...
2026-03-04 19:38:25,389 | DEBUG | Starting new HTTPS connection (1): leakcheck.io:443
2026-03-04 19:38:25,719 | DEBUG | https://leakcheck.io:443 "GET /api/public?check=admin%40belfastmet.ac.uk HTTP/1.1" 200 None
2026-03-04 19:38:25,721 | DEBUG | Provider health state: {'LeakCheck': {'failures': 0, 'disabled': False}, 'IntelX': {'failures': 0, 'disabled': False}}
2026-03-04 19:38:25,721 | DEBUG | admin@belfastmet.ac.uk | Provider=LeakCheck | Breached=False | Count=0
2026-03-04 19:38:25,721 | INFO | Writing results to output CSV
2026-03-04 19:38:25,722 | INFO | Processing complete
2026-03-04 19:41:40,559 | INFO | Starting email breach processing job
2026-03-04 19:41:40,563 | INFO | Processing example@example.com
2026-03-04 19:41:40,564 | INFO | Using IntelX...
2026-03-04 19:41:40,566 | DEBUG | Starting new HTTPS connection (1): free.intelx.io:443
2026-03-04 19:41:41,065 | DEBUG | https://free.intelx.io:443 "POST /intelligent/search HTTP/1.1" 200 134
2026-03-04 19:41:43,068 | DEBUG | Starting new HTTPS connection (1): free.intelx.io:443
2026-03-04 19:41:43,625 | DEBUG | https://free.intelx.io:443 "GET /intelligent/search/result?id=7f4f7800-aefb-4632-aed9-75e62aae141c HTTP/1.1" 200 None
2026-03-04 19:41:43,969 | DEBUG | Provider health state: {'LeakCheck': {'failures': 0, 'disabled': False}, 'IntelX': {'failures': 0, 'disabled': False}}
2026-03-04 19:41:43,970 | DEBUG | example@example.com | Provider=IntelX | Breached=True | Count=9
2026-03-04 19:41:43,970 | INFO | Processing mike.catlin@polarcapital.co.uk
2026-03-04 19:41:43,971 | INFO | Using IntelX...
2026-03-04 19:41:43,972 | DEBUG | Starting new HTTPS connection (1): free.intelx.io:443
2026-03-04 19:41:44,537 | DEBUG | https://free.intelx.io:443 "POST /intelligent/search HTTP/1.1" 200 148
2026-03-04 19:41:46,541 | DEBUG | Starting new HTTPS connection (1): free.intelx.io:443
2026-03-04 19:41:47,107 | DEBUG | https://free.intelx.io:443 "GET /intelligent/search/result?id=3ec23aee-7913-4cac-8e90-1c7a43db35d9 HTTP/1.1" 200 None
2026-03-04 19:41:47,316 | DEBUG | Provider health state: {'LeakCheck': {'failures': 0, 'disabled': False}, 'IntelX': {'failures': 0, 'disabled': False}}
2026-03-04 19:41:47,317 | DEBUG | mike.catlin@polarcapital.co.uk | Provider=IntelX | Breached=True | Count=1
2026-03-04 19:41:47,318 | INFO | Processing admin@steel-gamers.ru
2026-03-04 19:41:47,318 | INFO | Using IntelX...
2026-03-04 19:41:47,320 | DEBUG | Starting new HTTPS connection (1): free.intelx.io:443
2026-03-04 19:41:47,824 | DEBUG | https://free.intelx.io:443 "POST /intelligent/search HTTP/1.1" 200 142
2026-03-04 19:41:49,827 | DEBUG | Starting new HTTPS connection (1): free.intelx.io:443
2026-03-04 19:42:00,521 | DEBUG | https://free.intelx.io:443 "GET /intelligent/search/result?id=9e5bf690-d860-40fe-be8d-ac03148ca664 HTTP/1.1" 200 None
2026-03-04 19:42:00,526 | DEBUG | Provider health state: {'LeakCheck': {'failures': 0, 'disabled': False}, 'IntelX': {'failures': 0, 'disabled': False}}
2026-03-04 19:42:00,527 | DEBUG | admin@steel-gamers.ru | Provider=IntelX | Breached=False | Count=0
2026-03-04 19:42:00,528 | INFO | Processing admin@belfastmet.ac.uk
2026-03-04 19:42:00,528 | INFO | Using IntelX...
2026-03-04 19:42:00,530 | DEBUG | Starting new HTTPS connection (1): free.intelx.io:443
2026-03-04 19:42:01,136 | DEBUG | https://free.intelx.io:443 "POST /intelligent/search HTTP/1.1" 200 144
2026-03-04 19:42:03,139 | DEBUG | Starting new HTTPS connection (1): free.intelx.io:443
2026-03-04 19:42:03,799 | DEBUG | https://free.intelx.io:443 "GET /intelligent/search/result?id=2131810b-87be-42c9-a783-4ad302ec4ba5 HTTP/1.1" 200 26
2026-03-04 19:42:03,804 | DEBUG | Provider health state: {'LeakCheck': {'failures': 0, 'disabled': False}, 'IntelX': {'failures': 0, 'disabled': False}}
2026-03-04 19:42:03,804 | DEBUG | admin@belfastmet.ac.uk | Provider=IntelX | Breached=False | Count=0
2026-03-04 19:42:03,805 | INFO | Writing results to output CSV
2026-03-04 19:42:03,806 | INFO | Processing complete
